video_id,title,description,channel_title,tags_api_raw,views,views_per_hour,from_shorts,duration_sec,published_at,category_id,using_fallback,category_name,hashtags_extracted,tags_common,tags_only_api,tags_only_hash
9sqxD10d0vY,"–ë–µ—Ä—ë–º ‚úÖ –ù–µ –±–µ—Ä—ë–º ‚ùå –≤ Fix Price, –±—ã—Ç–æ–≤–∞—è —Ö–∏–º–∏—è #fixprice  #–ª–∞–π—Ñ—Ö–∞–∫–∏ #–Ω–æ–≤–∏–Ω–∫–∏—Ñ–∏–∫—Å–ø—Ä–∞–π—Å #–ø–æ–∫—É–ø–∫–∏ #–æ–±–∑–æ—Ä","–°–æ–±—Ä–∞–ª–∞ –¥–ª—è –í–∞—Å –≤—Å—ë, —á–µ–º —è –¥–µ–ª—é—Å—å:
üìò –ü—Ä–æ —Å—Ç–∏—Ä–∫—É –±–µ–∑ —Ö–∏–º–∏–∏, –ø—è—Ç–Ω–∞ –±–µ–∑ –ø–∞–Ω–∏–∫–∏ –∏ –∫–∞–∫ –Ω–µ –∏—Å–ø–æ—Ä—Ç–∏—Ç—å –±–µ–ª—å—ë ‚Äî –∑–¥–µ—Å—å: https://www.litres.ru/72026872/
üß∫ –ü—Ä–æ –≥–ª–∞–∂–∫—É –±–µ–∑ —Å—Ç—Ä–µ—Å—Å–∞, —Ç–µ—Ö–Ω–∏–∫–∏ –∏ –ª–∞–π—Ñ—Ö–∞–∫–∏ ‚Äî –∑–¥–µ—Å—å: https://www.litres.ru/72071371/
üßº –ê –≤—Å–µ –º–æ–∏ —Ä–µ—Ü–µ–ø—Ç—ã —á–∏—Å—Ç–æ—Ç—ã –∏ —É—é—Ç–∞ ‚Äî –≤ –∫–Ω–∏–≥–µ: https://www.litres.ru/65541832/
üì≤ –ú–æ–π –µ–∂–µ–¥–Ω–µ–≤–Ω—ã–π –ø–æ–º–æ—â–Ω–∏–∫ ‚Äî –ø—Ä–∏–ª–æ–∂–µ–Ω–∏–µ ¬´–ü–ª–∞–Ω–∏—Ä–æ–≤—â–∏–∫ ‚Äì –ß–∏—Å—Ç—ã–π –¥–æ–º¬ª: https://www.rustore.ru/catalog/app/com.aureumstorm.cleaning
‚òïÔ∏è  –ê –µ—Å–ª–∏ –≤—ã –∑–∞—Ö–æ—Ç–∏—Ç–µ –ø–æ–±–ª–∞–≥–æ–¥–∞—Ä–∏—Ç—å ‚Äî –¥–ª—è —ç—Ç–æ–≥–æ –µ—Å—Ç—å –∫–Ω–æ–ø–∫–∞: https://yoomoney.ru/to/410019063656858 
–ë–µ–∑ –ª–∏—à–Ω–∏—Ö —Å–ª–æ–≤ ‚Äî –ø—Ä–æ—Å—Ç–æ —Å–ø–∞—Å–∏–±–æ –∑–∞ —Ç–µ–ø–ª–æ.

üëâ –ö–æ—Ä–æ—Ç–∫–∏–µ —Ä–æ–ª–∏–∫–∏ Shorts https://youtube.com/playlist?list=PLE98kwSXSq_5XoYnSaygAc2id6urFZwJz&si=tsdluuHMtfbh1ZsB
üëâ –ü–æ–∫—É–ø–∫–∏ –§–∏–∫—Å –ü—Ä–∞–π—Å (FixPrice), –°–≤–µ—Ç–æ—Ñ–æ—Ä, –ú–∞—è–∫, –î–æ–±—Ä–æ—Ü–µ–Ω! https://youtube.com/playlist?list=PLE98kwSXSq_5dD9JJxpg8feQrIwv2dcZc&si=u9WtscbeLlPLpiuV
üëâ –ö–∞–∫–æ–µ —Å—Ä–µ–¥—Å—Ç–≤–æ –ª—É—á—à–µ? –ë–∏—Ç–≤–∞ —Å—Ä–µ–¥—Å—Ç–≤! https://youtube.com/playlist?list=PLE98kwSXSq_4PUAVTClfcML3gzXg747m6&si=moFldhr-KY-bMAsI
üëâ –ö–∞–∫ —á–∏—Å—Ç–∏—Ç—å –±—ã—Ç–æ–≤—É—é —Ç–µ—Ö–Ω–∏–∫—É –∏ –º–µ–±–µ–ª—å. https://youtube.com/playlist?list=PLE98kwSXSq_71_X-cDOjPXoCqzZV8n9dk&si=C781NmS3WxL5NC-W
üëâ –ü—è—Ç–∫–∏ –≥–ª–∞–¥–∫–∏! –£—Ö–æ–¥ –∑–∞ –Ω–æ–≥–∞–º–∏! https://youtube.com/playlist?list=PLE98kwSXSq_79L181_eNa9L8qaGqDtCK3&si=ocMiR5CD9sPzvysJ
üëâ –ö–∞–∫ –ø–æ–º—ã—Ç—å –≤–∞–Ω–Ω—É—é, —Ä–∞–∫–æ–≤–∏–Ω—É, –¥—É—à –∏ —Ç.–¥. https://youtube.com/playlist?list=PLE98kwSXSq_52eGFJudWQBYn57vkdfN9k&si=oHv8TMDZ567uVhnu
üëâ –ö–∞–∫ —á–∏—Å—Ç–∏—Ç—å –≥–∞–∑–æ–≤—É—é –ø–ª–∏—Ç—É, —Ä–µ—à—ë—Ç–∫–∏, –∫–æ–Ω—Ñ–æ—Ä–∫–∏ –∏ —Ç.–¥. https://youtube.com/playlist?list=PLE98kwSXSq_7H8b2fTNkTiYYZjUhv_0Wp&si=ONazMFEgF4Atve1U
üëâ –ö–∞–∫ –ø–æ—á–∏—Å—Ç–∏—Ç—å —Å—Ç–∏—Ä–∞–ª—å–Ω—É—é –º–∞—à–∏–Ω—É https://youtube.com/playlist?list=PLE98kwSXSq_4_Z3eZSl8fQQEIeBKYZjZr&si=mCTPP7XQxBXeY_1i
üëâ –õ–∞–π—Ñ—Ö–∞–∫–∏ –¥–ª—è —Ö–æ–∑—è–µ–∫! https://youtube.com/playlist?list=PLE98kwSXSq_6oBNkAGE4SbQz-ItYU7Rpg&si=2HCwvOJBfJvSEHyv
üëâ –ù–∞—Ä–æ–¥–Ω—ã–µ —Ä–µ—Ü–µ–ø—Ç—ã https://youtube.com/playlist?list=PLE98kwSXSq_6X-ltSHnuYjGZbA_4gEE_L&si=UznvY1v6fALc1Cb-
üëâ –°–≤–æ–∏–º–∏ —Ä—É–∫–∞–º–∏ –º–æ—é—â–∏–µ —Å—Ä–µ–¥—Å—Ç–≤–∞ https://youtube.com/playlist?list=PLE98kwSXSq_6mycm-1MYhmo_t0DXkL0UR&si=jj56_T-o_eXmaMoc
üëâ –ö–∞–∫ –ø–æ–º—ã—Ç—å –ø–æ–ª, —Å—Ç–µ–Ω—ã, —Ñ–∞—Å–∞–¥ –∫—É—Ö–Ω–∏, —Å—Ç–æ–ª–µ—à–Ω–∏—Ü—ã –∏ –¥—Ä. –ø–æ–≤–µ—Ä—Ö–Ω–æ—Å—Ç–∏ https://youtube.com/playlist?list=PLE98kwSXSq_434TdwWQG4qm2MGX8bGrkc&si=KTDuKuoRwgJ-BfNK
üëâ –£—Ö–æ–¥ –∑–∞ —Ä—É–∫–∞–º–∏ –∏ –ª–∏—Ü–æ–º! https://youtube.com/playlist?list=PLE98kwSXSq_4Alz6bNZl9DYeSLbDR7nqG&si=ADIvyXlUCV72tzBJ
üëâ –ö–∞–∫ —á–∏—Å—Ç–∏—Ç—å –ø–æ—Å—É–¥—É https://youtube.com/playlist?list=PLE98kwSXSq_7QMtxatw1kLNAYgE4lM5vM&si=ZW0H7kfBXOfU5Pr_
üëâ –ö–∞–∫ —É–¥–∞–ª–∏—Ç—å –ø—è—Ç–Ω–∞ —Å –æ–¥–µ–∂–¥—ã! –í—Å–µ –æ —Å—Ç–∏—Ä–∫–µ! https://youtube.com/playlist?list=PLE98kwSXSq_6fR0HGkNSGGbG7k5BYvUDo&si=oDBWWfIx2TdmUtrT
üëâ –ö–∞–∫ –ø–æ—á–∏—Å—Ç–∏—Ç—å –∫–æ–≤–µ—Ä, –º—è–≥–∫—É—é –º–µ–±–µ–ª—å! https://youtube.com/playlist?list=PLE98kwSXSq_5_4IPzvOdfNRI6IAmAecgZ&si=BN4eyoowVvDeqZFA
üëâ –ö–∞–∫ –æ—Ç–º—ã—Ç—å –æ–∫–Ω–æ, –ø–æ–¥–æ–∫–æ–Ω–Ω–∏–∫, —Å—Ç—ë–∫–ª–∞, –∑–µ—Ä–∫–∞–ª–∞! https://youtube.com/playlist?list=PLE98kwSXSq_4Cb0OwCIR_eWYzPL3-2rwz&si=l-LXTPsJIeSHlOQM
üëâ –ö–∞–∫ –æ—Ç—Å—Ç–∏—Ä–∞—Ç—å —Ç—é–ª—å, —à—Ç–æ—Ä—É, –∑–∞–Ω–∞–≤–µ—Å–∫—É! https://youtube.com/playlist?list=PLE98kwSXSq_7lCmmfaf00tCHZpS0ALW17&si=i_qzoHvrO0wzD9qn
üëâ –ö–∞–∫ –ø–æ—á–∏—Å—Ç–∏—Ç—å —É–Ω–∏—Ç–∞–∑! https://youtube.com/playlist?list=PLE98kwSXSq_5BlCGkgaoSZCBk4EoI0Y_z&si=IVUXSlvhF5ZECQmw
üëâ –°–æ–≤–µ—Ç—ã –≤ –∫–æ–ø–∏–ª–∫—É! https://youtube.com/playlist?list=PLE98kwSXSq_44JPPgFWFqo6zzSOtOi2TG&si=TGw2KujCRnKIXHEF
üëâ –í—Å—ë –æ –∫–æ–º–Ω–∞—Ç–Ω—ã—Ö —Ü–≤–µ—Ç–∞—Ö! https://youtube.com/playlist?list=PLE98kwSXSq_6tRwGH07uAcpdjf_RNJEff&si=IRNtnysUSjoy8eLt
üëâ –°–Ω–∏–∂–∞–µ–º –≤–µ—Å! –ö–∞–∫ –ø—Ä–∞–≤–∏–ª—å–Ω–æ —Ö—É–¥–µ—Ç—å! https://youtube.com/playlist?list=PLE98kwSXSq_7pqL_Cwktl5H698hW2HZLY&si=ONNS__z2pZ-xGJTS
üëâ –û–±–∑–æ—Ä —Ç–æ–≤–∞—Ä–æ–≤ –∏ –í–ª–æ–≥–∏: https://youtube.com/playlist?list=PLE98kwSXSq_6Fh9ycCtMl2qkuCfcwOqyt&si=RsRe-E444egL99Ja
üëâ –ú–æ—è –∫—É–ª–∏–Ω–∞—Ä–∏—è: https://youtube.com/playlist?list=PLE98kwSXSq_6G1QIv8b5vHT_x7q0J9rc3&si=WW8LGRO-6YWJ4juG

–ü–æ –≤–æ–ø—Ä–æ—Å–∞–º —Å–æ—Ç—Ä—É–¥–Ω–∏—á–µ—Å—Ç–≤–∞ –∏ —Ä–µ–∫–ª–∞–º—ã: alzhuk.81@mail.ru

–ü–û–î–ü–ò–°–ê–¢–¨–Ø –ù–ê –ú–ï–ù–Øüëáüèª: 

üî∂ –Ø –í YOUTUBE: https://www.youtube.com/@Marina-Zhukova
üî∂–Ø –í –î–ó–ï–ù: https://zen.yandex.ru/marina_zhukova
üî∂–Ø –í –û–î–ù–û–ö–õ–ê–°–°–ù–ò–ö–ê–•: https://ok.ru/uborka.vdome –∏ –ì–†–£–ü–ü–ê https://ok.ru/marinazhukova1982
üî∂–Ø –í –í–ö–û–ù–¢–ê–ö–¢–ï: https://vk.com/marina_zhukova_bloger –∏ –ì–†–£–ü–ü–ê https://vk.com/marina_zhukova_blogger
üî∂–Ø –í TELEGRAM: https://t.me/MarinaZhukovaBloger
üî∂–Ø –í RUTUBE: hhttps://rutube.ru/u/marinazhukova/
üî∂–Ø –í TIKTOK: https://www.tiktok.com/@marinazhukovabloger
üî∂–Ø –í Likee: https://likee.video/@891549135/

–ú–û–Ø –ö–ù–ò–ì–ê ¬´–ß–∏—Å—Ç—ã–π –¥–æ–º ‚Äî —Å—á–∞—Å—Ç–ª–∏–≤—ã–π –¥–æ–º. –ü–æ–ª–µ–∑–Ω—ã–µ —Å–æ–≤–µ—Ç—ã –æ –Ω–∞–≤–µ–¥–µ–Ω–∏–∏ –ø–æ—Ä—è–¥–∫–∞ –∏ —É—é—Ç–∞¬ª
https://book24.ru/product/chistyy-dom-schastlivyy-dom-poleznye-sovety-o-navedenii-poryadka-i-uyuta-5933650/
https://www.labirint.ru/books/806748/
https://www.wildberries.ru/catalog/28887633/detail.aspx?targetUrl=XS",–ú–∞—Ä–∏–Ω–∞ –ñ—É–∫–æ–≤–∞,"[""—Ñ–∏–∫—Å –ø—Ä–∞–π—Å"", ""fix price"", ""—Ñ–∏–∫—Å–ø—Ä–∞–π—Å"", ""–º–æ–∏ –ø–æ–∫—É–ø–∫–∏ —Ñ–∏–∫—Å–ø—Ä–∞–π—Å"", ""fixprice"", ""–æ–±–∑–æ—Ä —Ñ–∏–∫—Å–ø—Ä–∞–π—Å"", ""–ø–æ–∫—É–ø–∫–∏ —Ñ–∏–∫—Å –ø—Ä–∞–π—Å"", ""—Å–≤–µ—Ç–æ—Ñ–æ—Ä"", ""–Ω–æ–≤–∏–Ω–∫–∏ —Ñ–∏–∫—Å –ø—Ä–∞–π—Å"", ""asmr"", ""—Ñ–∞–º–∏–ª–∏—è"", ""–≥–æ–ª–æ—Å –∞—Å–º—Ä"", ""–Ω–æ–≤–∏–Ω–∫–∏ –≥–∞–ª–∞–º–∞—Ä—Ç"", ""–º–æ–∏ –ø–æ–∫—É–ø–∫–∏"", ""–º–∞–≥–∞–∑–∏–Ω –º–∞—è–∫"", ""–Ω–æ–≤–∏–Ω–∫–∏ —Ñ–∏–∫—Å–ø—Ä–∞–π—Å"", ""–º–∞–≥–∞–∑–∏–Ω —Å–∏–Ω"", ""—Ñ–∏–∫—Å –ø—Ä–∞–π—Å –Ω–æ–≤–∏–Ω–∫–∏"", ""–æ–±–∑–æ—Ä –ø–æ–∫—É–ø–æ–∫"", ""–ø–æ–∫—É–ø–∫–∏"", ""—Ñ–∏–∫—Å –ø—Ä–∞–π—Å –ø–æ–∫—É–ø–∫–∏"", ""—Ñ–∏–∫—Å –ø—Ä–∞–π—Å –æ–±–∑–æ—Ä"", ""–ø–æ–∫—É–ø–∫–∏ –∏–∑ —Ñ–∏–∫—Å –ø—Ä–∞–π—Å"", ""—Ñ–∏–∫—Å"", ""–º–∞–≥–∞–∑–∏–Ω —Ñ–∏–∫—Å –ø—Ä–∞–π—Å"", ""—Ñ–∏–∫—Å –ø—Ä–∞–π—Å –º–∞–≥–∞–∑–∏–Ω"", ""–æ–±–∑–æ—Ä –º–∞–≥–∞–∑–∏–Ω–∞ —Ñ–∏–∫—Å –ø—Ä–∞–π—Å"", ""—Ç–æ–≤–∞—Ä—ã"", ""–º–∞—Ä–∏–Ω–∞ –∂—É–∫–æ–≤–∞"", ""–±—ã—Ç–æ–≤–∞—è —Ö–∏–º–∏—è —Ñ–∏–∫—Å –ø—Ä–∞–π—Å"", ""–±–µ—Ä—ë–º –Ω–µ –±–µ—Ä—ë–º""]",92954,4481.417425381506,1,130,2025-11-12T15:53:46Z,22,0,People & Blogs,"[""fixprice"", ""–ø–æ–∫—É–ø–∫–∏"", ""–Ω–æ–≤–∏–Ω–∫–∏—Ñ–∏–∫—Å–ø—Ä–∞–π—Å"", ""–ª–∞–π—Ñ—Ö–∞–∫–∏"", ""–æ–±–∑–æ—Ä""]","[""fixprice"", ""–ø–æ–∫—É–ø–∫–∏""]","[""asmr"", ""fix price"", ""–±–µ—Ä—ë–º –Ω–µ –±–µ—Ä—ë–º"", ""–±—ã—Ç–æ–≤–∞—è —Ö–∏–º–∏—è —Ñ–∏–∫—Å –ø—Ä–∞–π—Å"", ""–≥–æ–ª–æ—Å –∞—Å–º—Ä"", ""–º–∞–≥–∞–∑–∏–Ω –º–∞—è–∫"", ""–º–∞–≥–∞–∑–∏–Ω —Å–∏–Ω"", ""–º–∞–≥–∞–∑–∏–Ω —Ñ–∏–∫—Å –ø—Ä–∞–π—Å"", ""–º–∞—Ä–∏–Ω–∞ –∂—É–∫–æ–≤–∞"", ""–º–æ–∏ –ø–æ–∫—É–ø–∫–∏"", ""–º–æ–∏ –ø–æ–∫—É–ø–∫–∏ —Ñ–∏–∫—Å–ø—Ä–∞–π—Å"", ""–Ω–æ–≤–∏–Ω–∫–∏ –≥–∞–ª–∞–º–∞—Ä—Ç"", ""–Ω–æ–≤–∏–Ω–∫–∏ —Ñ–∏–∫—Å –ø—Ä–∞–π—Å"", ""–Ω–æ–≤–∏–Ω–∫–∏ —Ñ–∏–∫—Å–ø—Ä–∞–π—Å"", ""–æ–±–∑–æ—Ä –º–∞–≥–∞–∑–∏–Ω–∞ —Ñ–∏–∫—Å –ø—Ä–∞–π—Å"", ""–æ–±–∑–æ—Ä –ø–æ–∫—É–ø–æ–∫"", ""–æ–±–∑–æ—Ä —Ñ–∏–∫—Å–ø—Ä–∞–π—Å"", ""–ø–æ–∫—É–ø–∫–∏ –∏–∑ —Ñ–∏–∫—Å –ø—Ä–∞–π—Å"", ""–ø–æ–∫—É–ø–∫–∏ —Ñ–∏–∫—Å –ø—Ä–∞–π—Å"", ""—Å–≤–µ—Ç–æ—Ñ–æ—Ä"", ""—Ç–æ–≤–∞—Ä—ã"", ""—Ñ–∞–º–∏–ª–∏—è"", ""—Ñ–∏–∫—Å"", ""—Ñ–∏–∫—Å –ø—Ä–∞–π—Å"", ""—Ñ–∏–∫—Å –ø—Ä–∞–π—Å –º–∞–≥–∞–∑–∏–Ω"", ""—Ñ–∏–∫—Å –ø—Ä–∞–π—Å –Ω–æ–≤–∏–Ω–∫–∏"", ""—Ñ–∏–∫—Å –ø—Ä–∞–π—Å –æ–±–∑–æ—Ä"", ""—Ñ–∏–∫—Å –ø—Ä–∞–π—Å –ø–æ–∫—É–ø–∫–∏"", ""—Ñ–∏–∫—Å–ø—Ä–∞–π—Å""]","[""–ª–∞–π—Ñ—Ö–∞–∫–∏"", ""–Ω–æ–≤–∏–Ω–∫–∏—Ñ–∏–∫—Å–ø—Ä–∞–π—Å"", ""–æ–±–∑–æ—Ä""]"
KOkzG4TQXRs,–Ø –±–∞–Ω–∫—Ä–æ—Ç... –∏ —ç—Ç–æ –ª—É—á—à–∏–π –¥–µ–Ω—å –≤ –º–æ–µ–π –∂–∏–∑–Ω–∏! üéâ #–±–∞–Ω–∫—Ä–æ—Ç—Å—Ç–≤–æ,"–ü—Ä–æ—à–µ–ª —á–µ—Ä–µ–∑ –ø—Ä–æ—Ü–µ–¥—É—Ä—É –±–∞–Ω–∫—Ä–æ—Ç—Å—Ç–≤–∞ –∏ –Ω–∞–∫–æ–Ω–µ—Ü-—Ç–æ —Å–≤–æ–±–æ–¥–µ–Ω! –î–æ–ª–≥–æ–≤ –Ω–µ—Ç! –í —ç—Ç–æ–º –≤–∏–¥–µ–æ –¥–µ–ª—é—Å—å —Å–≤–æ–µ–π –∏—Å—Ç–æ—Ä–∏–µ–π –æ —Ç–æ–º, –∫–∞–∫ –º–µ—á—Ç–∞ —Å—Ç–∞—Ç—å –±–ª–æ–≥–µ—Ä–æ–º –∏ –æ–±—ä–µ—Ö–∞—Ç—å –†–æ—Å—Å–∏—é –ø—Ä–∏–≤–µ–ª–∞ –∫ –¥–æ–ª–≥–∞–º –≤ 1,4 –º–∏–ª–ª–∏–æ–Ω–∞ —Ä—É–±–ª–µ–π. üòÖ

–†–∞—Å—Å–∫–∞–∑—ã–≤–∞—é –≤—Å—ë –º–∞–∫—Å–∏–º–∞–ª—å–Ω–æ —á–µ—Å—Ç–Ω–æ –∏ –ø–æ–∑–∏—Ç–∏–≤–Ω–æ:
‚ú® –ö–∞–∫ –≤—Å—ë –Ω–∞—á–∏–Ω–∞–ª–æ—Å—å –∏ –∫ —á–µ–º—É —è –ø—Ä–∏—à—ë–ª.
üöó –ü–æ—á–µ–º—É –º–Ω–µ –æ—Å—Ç–∞–≤–∏–ª–∏ –º–æ—é —Å—Ç–∞—Ä–µ–Ω—å–∫—É—é ¬´–û–∫—É¬ª (–∏ –∫–∞–∫ –µ—ë –æ—Ü–µ–Ω–∏–ª–∏ –≤ 16 —Ç—ã—Å—è—á).
üìÑ –° –∫–∞–∫–∏–º–∏ —Ä–∞—Å—Ö–æ–¥–∞–º–∏ —Å—Ç–æ–ª–∫–Ω—É–ª—Å—è: —Å—É–¥, –ø—É–±–ª–∏–∫–∞—Ü–∏—è –≤ –ö–æ–º–º–µ—Ä—Å–∞–Ω—Ç–µ, —É—Å–ª—É–≥–∏ —é—Ä–∏—Å—Ç–æ–≤.
üìÖ –ö–∞–∫ –∂–∏–ª —ç—Ç–æ—Ç –≥–æ–¥ –±–µ–∑ –æ—Ñ–∏—Ü–∏–∞–ª—å–Ω–æ–π —Ä–∞–±–æ—Ç—ã.
üòå –ò —Å–∞–º–æ–µ –≥–ª–∞–≤–Ω–æ–µ ‚Äî –∫–∞–∫–æ–µ —ç—Ç–æ —Å—á–∞—Å—Ç—å–µ, –ø–æ–ª—É—á–∏—Ç—å –Ω–∞ —Ä—É–∫–∏ –¥–æ–ª–≥–æ–∂–¥–∞–Ω–Ω–æ–µ ¬´–û–ø—Ä–µ–¥–µ–ª–µ–Ω–∏–µ –æ –∑–∞–≤–µ—Ä—à–µ–Ω–∏–∏ –ø—Ä–æ—Ü–µ–¥—É—Ä—ã¬ª –∏–∑ –ê—Ä–±–∏—Ç—Ä–∞–∂–Ω–æ–≥–æ —Å—É–¥–∞ –∏ –Ω–∞—á–∞—Ç—å –∂–∏–∑–Ω—å —Å —á–∏—Å—Ç–æ–≥–æ –ª–∏—Å—Ç–∞!

–≠—Ç–∞ –∏—Å—Ç–æ—Ä–∏—è ‚Äî –Ω–µ –æ –ø–æ—Ä–∞–∂–µ–Ω–∏–∏, –∞ –æ –Ω–æ–≤–æ–º —Å—Ç–∞—Ä—Ç–µ. –ï—Å–ª–∏ –≤—ã –≤ –ø–æ—Ö–æ–∂–µ–π —Å–∏—Ç—É–∞—Ü–∏–∏, –Ω–µ –æ—Ç—á–∞–∏–≤–∞–π—Ç–µ—Å—å! –í—ã—Ö–æ–¥ –µ—Å—Ç—å –≤—Å–µ–≥–¥–∞, –∏ —ç—Ç–æ—Ç –æ–ø—ã—Ç –º–æ–∂–Ω–æ –ø—Ä–æ–π—Ç–∏ —Å —É–ª—ã–±–∫–æ–π. –í—Å—ë –æ–±—è–∑–∞—Ç–µ–ª—å–Ω–æ –±—É–¥–µ—Ç —Ö–æ—Ä–æ—à–æ! –ê —è —Å–µ–π—á–∞—Å ‚Äî –Ω–∞ –Ω–æ–≤—É—é –∫—Ä—É—Ç—É—é —Ä–∞–±–æ—Ç—É! üí™

P.S. –î–µ–π—Å—Ç–≤—É–π—Ç–µ! –ù–µ –±–æ–π—Ç–µ—Å—å –ø–µ—Ä–µ–º–µ–Ω!",–õ—ã—Å—ã–π,"[""–±–∞–Ω–∫—Ä–æ—Ç—Å—Ç–≤–æ"", ""–¥–æ–ª–≥–∏"", ""—Ñ–∏–Ω–∞–Ω—Å—ã"", ""–∫—Ä–µ–¥–∏—Ç—ã"", ""–±–∞–Ω–∫—Ä–æ—Ç—Å—Ç–≤–æ —Ñ–∏–∑–∏—á–µ—Å–∫–∏—Ö –ª–∏—Ü"", ""shorts"", ""—Å–ø–∏—Å–∞–Ω–∏–µ –¥–æ–ª–≥–æ–≤"", ""—Ñ–∏–Ω–∞–Ω—Å–æ–≤–∞—è –Ω–µ—Å–æ—Å—Ç–æ—è—Ç–µ–ª—å–Ω–æ—Å—Ç—å"", ""–ø—Ä–æ—Ü–µ–¥—É—Ä–∞ –±–∞–Ω–∫—Ä–æ—Ç—Å—Ç–≤–∞"", ""–∫—Ä–µ–¥–∏—Ç–æ—Ä—ã"", ""–∞—Ä–±–∏—Ç—Ä–∞–∂–Ω—ã–π —É–ø—Ä–∞–≤–ª—è—é—â–∏–π"", ""—Ñ–∏–Ω–∞–Ω—Å–æ–≤–∞—è –≥—Ä–∞–º–æ—Ç–Ω–æ—Å—Ç—å"", ""–¥–æ–ª–≥–æ–≤–æ–π –∫—Ä–∏–∑–∏—Å"", ""–∫–∞–∫ —Å–ø–∏—Å–∞—Ç—å –¥–æ–ª–≥–∏"", ""–±–∞–Ω–∫—Ä–æ—Ç—Å—Ç–≤–æ —Ñ–∏–∑–ª–∏—Ü–∞"", ""—Å—É–¥–µ–±–Ω—ã–µ –ø—Ä–∏—Å—Ç–∞–≤—ã"", ""–±–∞–Ω–∫—Ä–æ—Ç—Å—Ç–≤–æ 2024"", ""—Å–æ–≤–µ—Ç—ã –¥–æ–ª–∂–Ω–∏–∫–∞–º"", ""–∑–∞—â–∏—Ç–∞ –æ—Ç –∫–æ–ª–ª–µ–∫—Ç–æ—Ä–æ–≤"", ""—Ñ–∏–Ω–∞–Ω—Å–æ–≤–æ–µ –æ–∑–¥–æ—Ä–æ–≤–ª–µ–Ω–∏–µ"", ""–≤–∞—à–∏ –ø—Ä–∞–≤–∞"", ""—Ü–µ–Ω–∞ –±–∞–Ω–∫—Ä–æ—Ç—Å—Ç–≤–∞"", ""—Å—Ç–æ–∏–º–æ—Å—Ç—å"", ""–∫–æ–ª–ª–µ–∫—Ç–æ—Ä—ã"", ""–±–æ–ª—å—à–∏–µ –¥–æ–ª–≥–∏"", ""–ª—ã—Å—ã–π"", ""–æ–¥–∏–Ω –¥–µ–Ω—å –æ–¥–∏–Ω –≥–æ—Ä–æ–¥"", ""–ø—Ä–æ—Ñ–µ—Å—Å–∏—è"", ""–±–∞–Ω–∫—Ä–æ—Ç—Å—Ç–≤–æ 2025""]",51590,553.5844077787265,1,60,2025-11-09T15:26:44Z,22,0,People & Blogs,"[""–±–∞–Ω–∫—Ä–æ—Ç—Å—Ç–≤–æ""]","[""–±–∞–Ω–∫—Ä–æ—Ç—Å—Ç–≤–æ""]","[""shorts"", ""–∞—Ä–±–∏—Ç—Ä–∞–∂–Ω—ã–π —É–ø—Ä–∞–≤–ª—è—é—â–∏–π"", ""–±–∞–Ω–∫—Ä–æ—Ç—Å—Ç–≤–æ 2024"", ""–±–∞–Ω–∫—Ä–æ—Ç—Å—Ç–≤–æ 2025"", ""–±–∞–Ω–∫—Ä–æ—Ç—Å—Ç–≤–æ —Ñ–∏–∑–∏—á–µ—Å–∫–∏—Ö –ª–∏—Ü"", ""–±–∞–Ω–∫—Ä–æ—Ç—Å—Ç–≤–æ —Ñ–∏–∑–ª–∏—Ü–∞"", ""–±–æ–ª—å—à–∏–µ –¥–æ–ª–≥–∏"", ""–≤–∞—à–∏ –ø—Ä–∞–≤–∞"", ""–¥–æ–ª–≥–∏"", ""–¥–æ–ª–≥–æ–≤–æ–π –∫—Ä–∏–∑–∏—Å"", ""–∑–∞—â–∏—Ç–∞ –æ—Ç –∫–æ–ª–ª–µ–∫—Ç–æ—Ä–æ–≤"", ""–∫–∞–∫ —Å–ø–∏—Å–∞—Ç—å –¥–æ–ª–≥–∏"", ""–∫–æ–ª–ª–µ–∫—Ç–æ—Ä—ã"", ""–∫—Ä–µ–¥–∏—Ç–æ—Ä—ã"", ""–∫—Ä–µ–¥–∏—Ç—ã"", ""–ª—ã—Å—ã–π"", ""–æ–¥–∏–Ω –¥–µ–Ω—å –æ–¥–∏–Ω –≥–æ—Ä–æ–¥"", ""–ø—Ä–æ—Ñ–µ—Å—Å–∏—è"", ""–ø—Ä–æ—Ü–µ–¥—É—Ä–∞ –±–∞–Ω–∫—Ä–æ—Ç—Å—Ç–≤–∞"", ""—Å–æ–≤–µ—Ç—ã –¥–æ–ª–∂–Ω–∏–∫–∞–º"", ""—Å–ø–∏—Å–∞–Ω–∏–µ –¥–æ–ª–≥–æ–≤"", ""—Å—Ç–æ–∏–º–æ—Å—Ç—å"", ""—Å—É–¥–µ–±–Ω—ã–µ –ø—Ä–∏—Å—Ç–∞–≤—ã"", ""—Ñ–∏–Ω–∞–Ω—Å–æ–≤–∞—è –≥—Ä–∞–º–æ—Ç–Ω–æ—Å—Ç—å"", ""—Ñ–∏–Ω–∞–Ω—Å–æ–≤–∞—è –Ω–µ—Å–æ—Å—Ç–æ—è—Ç–µ–ª—å–Ω–æ—Å—Ç—å"", ""—Ñ–∏–Ω–∞–Ω—Å–æ–≤–æ–µ –æ–∑–¥–æ—Ä–æ–≤–ª–µ–Ω–∏–µ"", ""—Ñ–∏–Ω–∞–Ω—Å—ã"", ""—Ü–µ–Ω–∞ –±–∞–Ω–∫—Ä–æ—Ç—Å—Ç–≤–∞""]",[]
3uUzntkehVs,–ó–õ–ê–¢–£ –Ω–µ –ü–£–°–¢–ò–õ–ò –≤ –°–ê–ú–û–õ–ï–¢ ! –ö–ê–ù–ò–ö–£–õ–´ –≤ –î–£–ë–ê–ï !,"–¢–∞–∫–æ–≥–æ –º—ã –Ω–µ –æ–∂–∏–¥–∞–ª–∏! –ó–ª–∞—Ç—É –Ω–µ –ø—É—Å—Ç–∏–ª–∏ –Ω–∞ —Å–∞–º–æ–ª–µ—Ç! –†–∞—Å—Å–∫–∞–∂—É, —á—Ç–æ —Å–ª—É—á–∏–ª–æ—Å—å! –ö–∞–∫ –º—ã –ø—Ä–æ–≤–µ–ª–∏ –∫–∞–Ω–∏–∫—É–ª—ã –≤ –Ω–∞—à–µ–º –ª—é–±–∏–º–æ–º –æ—Ç–µ–ª–µ –≤ –î—É–±–∞–µ! –ß—Ç–æ –Ω–∞—Å –æ—á–µ–Ω—å —Å–∏–ª—å–Ω–æ —Ä–∞–∑–æ—á–∞—Ä–æ–≤–∞–ª–æ –≤ —ç—Ç–æ—Ç —Ä–∞–∑ –Ω–∞ –æ—Ç–¥—ã—Ö–µ!
–¢–∞–∫ –∂–µ —Ä–∞—Å—Å–∫–∞–∂—É, –∫–∞–∫ –ø—Ä–æ—Ö–æ–¥–∏—Ç –ø–æ–¥–≥–æ—Ç–æ–≤–∫–∞ –∫ –∫–æ–Ω—Ü–µ—Ä—Ç–∞–º –ú–∏—Ä–æ—Å–ª–∞–≤—ã –∏ –ó–ª–∞—Ç—ã!

‚Ä¢–ü–æ–¥–ø–∏—Å—ã–≤–∞–π—Å—è! 
https://www.youtube.com/user/VictoriaPortfolio?sub_confirmation=1

‚Ä¢ –ë–∏–ª–µ—Ç—ã –Ω–∞ –∫–æ–Ω—Ü–µ—Ä—Ç –ú–∏—Ä–æ—Å–ª–∞–≤—ã –∏ –ó–ª–∞—Ç—ã: https://miroslavazlata.ru/

‚Ä¢–ê–≥–µ–Ω—Ç—Å—Ç–≤–æ –Ω–µ–¥–≤–∏–∂–∏–º–æ—Å—Ç–∏ Kingsley –≤ –î—É–±–∞–µ. –ù–∞ —Å–∞–π—Ç–µ https://kingsley-realestate.ae –º–æ–∂–Ω–æ –ø–æ—Å–º–æ—Ç—Ä–µ—Ç—å –∏–Ω—Ñ–æ—Ä–º–∞—Ü–∏—é –∏–ª–∏ –Ω–∞–ø–∏—Å–∞—Ç—å –≤ WhatsApp: https://wa.me/971502771118

‚Ä¢ –ê—Ä–Ω–¥–∞ –∞–≤—Ç–æ –≤ –î—É–±–∞–µ: https://www.instagram.com/avacars_

‚Ä¢–†–µ–∫–ª–∞–º–∞/—Å–æ—Ç—Ä—É–¥–Ω–∏—á–µ—Å—Ç–≤–æ: victoriaportfolioblog@gmail.com 
+79218765476 (–°–µ—Ä–≥–µ–π)

‚Ä¢ INSTAGRAM: http://instagram.com/victoriaportfolio

‚Ä¢ INSTAGRAM –ú–∏—Ä–æ—Å–ª–∞–≤—ã: https://www.instagram.com/miroslavabykova_

‚Ä¢ INSTAGRAM –ó–ª–∞—Ç—ã: https://www.instagram.com/zlata.bykova_

‚Ä¢ TELEGRAM: https://tele.click/victoriaportfolio

‚Ä¢ TELEGRAM –ú–∏—Ä–æ—Å–ª–∞–≤—ã: https://t.me/bykovamiroslava

‚Ä¢ TELEGRAM –ó–ª–∞—Ç—ã: https://t.me/bykovazlata

‚Ä¢ Likee: https://l.likee.video/p/SKJyap

‚Ä¢ Likee  –ú–∏—Ä–æ—Å–ª–∞–≤—ã: https://l.likee.video/p/ILD46s

‚Ä¢ Likee –ó–ª–∞—Ç—ã: https://l.likee.video/p/7zKK88

‚Ä¢ YouTube –∫–∞–Ω–∞–ª –ú–∏—Ä–æ—Å–ª–∞–≤—ã: https://www.youtube.com/@MiroslavaBykova

‚Ä¢ –í–ö —Å–æ–æ–±—â–µ—Å—Ç–≤–æ: https://vk.com/victoriaportfolioblog

‚Ä¢ –í–ö —Å–æ–æ–±—â–µ—Å—Ç–≤–æ –ú–∏—Ä–æ—Å–ª–∞–≤—ã: https://vk.com/miroslavabykova

‚Ä¢ –í–ö —Å–æ–æ–±—â–µ—Å—Ç–≤–æ –ó–ª–∞—Ç—ã: https://vk.com/bykovazlata

‚Ä¢ TikTok: https://www.tiktok.com/@victoriaportfolio

‚Ä¢Yandex Zen: https://zen.yandex.ru/victoriaportfolio",Victoria Portfolio,"[""–æ–±–∑–æ—Ä –¥–æ–º–∞"", ""—Ä—É–º —Ç—É—Ä"", ""room tour"", ""rolls-royce"", ""–æ–±–∑–æ—Ä –≥–∞—Ä–¥–µ—Ä–æ–±–Ω–æ–π"", ""–ø–æ–¥–∞—Ä–∏–ª –º–∞—à–∏–Ω—É"", ""–≥–∞—Ä–¥–µ—Ä–æ–±–Ω–∞—è"", ""–º–∏—Ä–æ—Å–ª–∞–≤–∞ –∏ –∑–ª–∞—Ç–∞"", ""–º–∏—Ä–æ—Å–ª–∞–≤–∞ —Ç–∞ —Å–∞–º–∞—è –¥–µ–≤—á–æ–Ω–∫–∞"", ""–º–∏—Ä–æ—Å–ª–∞–≤–∞ –ø–µ—Å–Ω—è"", ""–º–∏—Ä—Ä–æ—Å–ª–∞–≤–∞ –∫–ª–∏–ø"", ""–º–∏—Ä–æ—Å–ª–∞–≤–∞"", ""–∑–ª–∞—Ç–∞"", ""–∑–ª–∞—Ç–∞ –ø–µ—Å–Ω—è"", ""–º–∏—Ä–æ—Å–ª–∞–≤–∞ –∫–∞—Ä–∞–º–µ–ª—å–∫–∞"", ""–≤–∏–∫—Ç–æ—Ä–∏—è –ø–æ—Ä—Ç—Ñ–æ–ª–∏–æ"", ""–ø–æ—Ä—Ç—Ñ–æ–ª–∏–æ"", ""victoria portfolio"", ""–∑–ª–∞—Ç–∞ –æ—Å—Ç–∞–Ω–æ–≤–∏—Ç–µ"", ""zlata"", ""miroslava"", ""–¥—É–±–∞–π"", ""–∫–∞–Ω–∏–∫—É–ª—ã"", ""–º–∏—Ä–æ—Å–ª–∞–≤–∞ –∏ –∑–ª–∞—Ç–∞ –¥—É–±–∞–π"", ""—Ü–∞—Ä–µ–≤–Ω–∞ –∑–∞–±–∞–≤–∞"", ""–Ω–∞—à –¥–µ–Ω—å –≤ –¥—É–±–∞–µ""]",309981,3142.7119175265643,0,5255,2025-11-09T10:00:12Z,22,0,People & Blogs,[],[],"[""miroslava"", ""rolls-royce"", ""room tour"", ""victoria portfolio"", ""zlata"", ""–≤–∏–∫—Ç–æ—Ä–∏—è –ø–æ—Ä—Ç—Ñ–æ–ª–∏–æ"", ""–≥–∞—Ä–¥–µ—Ä–æ–±–Ω–∞—è"", ""–¥—É–±–∞–π"", ""–∑–ª–∞—Ç–∞"", ""–∑–ª–∞—Ç–∞ –æ—Å—Ç–∞–Ω–æ–≤–∏—Ç–µ"", ""–∑–ª–∞—Ç–∞ –ø–µ—Å–Ω—è"", ""–∫–∞–Ω–∏–∫—É–ª—ã"", ""–º–∏—Ä–æ—Å–ª–∞–≤–∞"", ""–º–∏—Ä–æ—Å–ª–∞–≤–∞ –∏ –∑–ª–∞—Ç–∞"", ""–º–∏—Ä–æ—Å–ª–∞–≤–∞ –∏ –∑–ª–∞—Ç–∞ –¥—É–±–∞–π"", ""–º–∏—Ä–æ—Å–ª–∞–≤–∞ –∫–∞—Ä–∞–º–µ–ª—å–∫–∞"", ""–º–∏—Ä–æ—Å–ª–∞–≤–∞ –ø–µ—Å–Ω—è"", ""–º–∏—Ä–æ—Å–ª–∞–≤–∞ —Ç–∞ —Å–∞–º–∞—è –¥–µ–≤—á–æ–Ω–∫–∞"", ""–º–∏—Ä—Ä–æ—Å–ª–∞–≤–∞ –∫–ª–∏–ø"", ""–Ω–∞—à –¥–µ–Ω—å –≤ –¥—É–±–∞–µ"", ""–æ–±–∑–æ—Ä –≥–∞—Ä–¥–µ—Ä–æ–±–Ω–æ–π"", ""–æ–±–∑–æ—Ä –¥–æ–º–∞"", ""–ø–æ–¥–∞—Ä–∏–ª –º–∞—à–∏–Ω—É"", ""–ø–æ—Ä—Ç—Ñ–æ–ª–∏–æ"", ""—Ä—É–º —Ç—É—Ä"", ""—Ü–∞—Ä–µ–≤–Ω–∞ –∑–∞–±–∞–≤–∞""]",[]
Cn4fKHSIJ5E,–ó–ê–ñ–ì–õ–ò –°–ï–†–î–¶–ï –ù–ê –î–û–ú–ï! T–ì–ö: VKOOBEY #vkoobey #–±–ª–æ–≥ #—Ç—É–ª–∞ #–±–ª–æ–≥–µ—Ä #–≤–ª–æ–≥ #–¥–æ–±—Ä–æ #–±–ª–æ–≥–≥–µ—Ä #–∑–¥–∞–Ω–∏–µ,,–ö–ò–† –ö–û–õ–ï–°–ù–ò–ö–û–í | –í–ö–£–ë–ï,[],1145953,3203.0026893712557,0,121,2025-10-29T14:51:49Z,22,0,People & Blogs,"[""vkoobey"", ""—Ç—É–ª–∞"", ""–∑–¥–∞–Ω–∏–µ"", ""–±–ª–æ–≥"", ""–¥–æ–±—Ä–æ"", ""–±–ª–æ–≥–µ—Ä"", ""–±–ª–æ–≥–≥–µ—Ä"", ""–≤–ª–æ–≥""]",[],[],"[""vkoobey"", ""–±–ª–æ–≥"", ""–±–ª–æ–≥–≥–µ—Ä"", ""–±–ª–æ–≥–µ—Ä"", ""–≤–ª–æ–≥"", ""–¥–æ–±—Ä–æ"", ""–∑–¥–∞–Ω–∏–µ"", ""—Ç—É–ª–∞""]"
cM-9-dY6S3Y,–Ø –ü—Ä–æ–≤—ë–ª 24 —á–∞—Å–∞ –û–î–ò–ù –≤ –ö–û–†–ï–ï,"–≠—Ç–æ –≤–ª–æ–≥, –≥–¥–µ —è –≤–∞–º –ø–æ–∫–∞–∂—É, —á—Ç–æ —è —Å–¥–µ–ª–∞–ª –∑–∞ 24 —á–∞—Å–∞ –Ω–∞—Ö–æ–¥—è—Å—å –≤ –ö–æ—Ä–µ–µ, –º—ã –ø–æ—Å–µ—Ç–∏–º –∫–∞–∫ —Å–∞–º–æ–µ –º–æ–¥–Ω–æ–µ –∏ –ø–æ–ø—É–ª—è—Ä–Ω–æ–µ –º–µ—Å—Ç–æ –≤ –°–µ—É–ª–µ, —Ç–∞–∫ –∏ –∫–∞–∫–∏–µ-—Ç–æ –ª–æ–∫–∞–ª—å–Ω—ã–µ –º–µ—Å—Ç–∞, –∫–æ—Ç–æ—Ä—ã–µ —è –∫–æ–≥–¥–∞-—Ç–æ –¥–ª—è —Å–µ–±—è –æ—Ç–∫—Ä—ã–ª, –Ω—É –∏ –∫–æ–Ω–µ—á–Ω–æ –±–µ–∑ –∫–æ—Ä–µ–π—Å–∫–æ–π –µ–¥—ã –Ω–µ –æ–±–æ–π—Ç–∏—Å—å)) 
‚ñº–†–ê–ó–í–ï–†–ù–ò‚ñº

Telegram –∫–∞–Ω–∞–ª ‚û≠ https://t.me/yanreyzen
Instagram ‚û≠ http://instagram.com/YanReyzen
VK ‚û≠ https://vk.com/officialyanreyzen
VK –≥—Ä—É–ø–ø–∞ ‚û≠ https://vk.com/officialgroupyanreyzen
TIKTOK ‚û≠ https://www.tiktok.com/@yanreyzen
–ü–æ —Ä–µ–∫–ª–∞–º–µ –∏ –ø—Ä–µ–¥–ª–æ–∂–µ–Ω–∏—è–º: yanreyzen.cooperation@inbox.ru

—É–ª—ã–±–Ω–∏—Å—å \*_*/ 

#–Ø–Ω",Yan Reyzen,"[""24 —á–∞—Å–∞"", ""–æ–¥–∏–Ω –≤ –∫–æ—Ä–µ–µ"", ""–∫–æ—Ä–µ—è"", ""—Å–µ—É–ª"", ""—è–Ω —Ä–µ–π–∑–µ–Ω"", ""—è–Ω"", ""—Ä–µ–π–∑–µ–Ω""]",301236,2102.0638557565417,0,1888,2025-11-07T13:20:00Z,22,0,People & Blogs,"[""—è–Ω""]","[""—è–Ω""]","[""24 —á–∞—Å–∞"", ""–∫–æ—Ä–µ—è"", ""–æ–¥–∏–Ω –≤ –∫–æ—Ä–µ–µ"", ""—Ä–µ–π–∑–µ–Ω"", ""—Å–µ—É–ª"", ""—è–Ω —Ä–µ–π–∑–µ–Ω""]",[]
10wCEUdxdGs,"–†–æ–¥–∏—Ç–µ–ª–∏ –ó–∞—Å—Ç–∞–≤–ª—è—é—Ç –ú–µ–Ω—è –°–Ω–∏–º–∞—Ç—å—Å—è –≤ –ò—Ö –ë–ª–æ–≥–µ, –ò–∑–æ–±—Ä–∞–∂–∞—è –ö—Ä–∞—Å–∏–≤—É—é –ö–∞—Ä—Ç–∏–Ω–∫—É. –Ø –†–µ—à–∞—é –û—Ç –ù–∏—Ö –°–±–µ–∂–∞—Ç—å","00:00 –ò—Å—Ç–æ—Ä–∏—è 1: –†–æ–¥–∏—Ç–µ–ª—è —Å–Ω–∏–º–∞—é—Ç –º–æ—é –∂–∏–∑–Ω—å
15:13 –ò—Å—Ç–æ—Ä–∏—è 2: –ü–æ–¥—Ä—É–≥–∞ –æ—Ç—Ü–∞ –∂–µ–ª–∞–µ—Ç –º–Ω–µ –∑–ª–∞",–¢—É—á–Ω—ã–π –ñ–∞–±,"[""—Ä–µ–¥–∏—Ç"", ""—Ä—ç–¥–∏—Ç"", ""—Ä–µ–¥–¥–∏—Ç"", ""reddit"", ""–ø–µ—Ä–µ–≤–æ–¥"", ""–ø–æ —Ä—É—Å—Å–∫–∏"", ""–Ω–∞ —Ä—É—Å—Å–∫–æ–º"", ""–∏—Å—Ç–æ—Ä–∏–∏""]",139646,3134.4818143116945,0,1278,2025-11-11T16:05:12Z,22,0,People & Blogs,[],[],"[""reddit"", ""–∏—Å—Ç–æ—Ä–∏–∏"", ""–Ω–∞ —Ä—É—Å—Å–∫–æ–º"", ""–ø–µ—Ä–µ–≤–æ–¥"", ""–ø–æ —Ä—É—Å—Å–∫–∏"", ""—Ä–µ–¥–¥–∏—Ç"", ""—Ä–µ–¥–∏—Ç"", ""—Ä—ç–¥–∏—Ç""]",[]
B7udHxvP1qE,–ò–Ω—Ç–µ—Ä–µ—Å–Ω—ã–π –¥–µ–Ω—å:) #—Å—Ç—É–¥–µ–Ω—Ç #–æ–±—â–∞–≥–∞ #–≤–ª–æ–≥ #—Ñ—É–¥–±–ª–æ–≥ #–±–æ–∫—Å,,Magzumi,[],283746,1511.2599255924288,1,39,2025-11-05T16:53:01Z,22,0,People & Blogs,"[""–±–æ–∫—Å"", ""—Ñ—É–¥–±–ª–æ–≥"", ""—Å—Ç—É–¥–µ–Ω—Ç"", ""–æ–±—â–∞–≥–∞"", ""–≤–ª–æ–≥""]",[],[],"[""–±–æ–∫—Å"", ""–≤–ª–æ–≥"", ""–æ–±—â–∞–≥–∞"", ""—Å—Ç—É–¥–µ–Ω—Ç"", ""—Ñ—É–¥–±–ª–æ–≥""]"
VP7EnngeIFs,VLOG: –ö–ê–ö –ñ–ï –ë–´–õ–û –ö–õ–ê–°–°–ù–û –ù–ê –°–í–ê–î–¨–ë–ï! üòç 08.11.25,"–ù–∞—à —Ç–µ–ª–µ–≥—Ä–∞–º: https://t.me/katylifevlogs
–ù–ê–® –ö–ê–ù–ê–õ SWEET HOME https://www.youtube.com/c/SweetHomeKB
–ú–û–ô –ö–ê–ù–ê–õ –û –ö–†–ê–°–û–¢–ï https://www.youtube.com/user/MakeUpKaty

–ù–∞—Å –º–æ–∂–Ω–æ –Ω–∞–π—Ç–∏ —Ç—É—Ç:
–ì—Ä—É–ø–ø–∞ –≤ –∫–æ–Ω—Ç–∞–∫—Ç–µ:  https://vk.com/makeupkaty
Instagram –ö–∞—Ç—è: @makeupkaty
Instagram –í–∞–Ω—è: @th3v1g
Instagram –ü—É–º–∞: @pumakv",Katy LifeVlog,"[""–≤–ª–æ–≥ –∏–∑ –∏—Å–ø–∞–Ω–∏–∏"", ""–∫–∞—Ç—è –∏ –≤–∞–Ω—è –∏–∑ –∏—Å–ø–∞–Ω–∏–∏"", ""–∫–∞—Ç—è –∏ –≤–∞–Ω—è"", ""katylifevlog"", ""–≤–∏–¥–µ–æ –∫–∞–∂–¥—ã–π –¥–µ–Ω—å"", ""–µ–∂–µ–¥–Ω–µ–≤–Ω—ã–µ –≤–ª–æ–≥–∏"", ""makeupkaty"", ""vlog"", ""–≤–ª–æ–≥""]",109140,1168.6804446401156,0,799,2025-11-09T15:15:03Z,22,0,People & Blogs,[],[],"[""katylifevlog"", ""makeupkaty"", ""vlog"", ""–≤–∏–¥–µ–æ –∫–∞–∂–¥—ã–π –¥–µ–Ω—å"", ""–≤–ª–æ–≥"", ""–≤–ª–æ–≥ –∏–∑ –∏—Å–ø–∞–Ω–∏–∏"", ""–µ–∂–µ–¥–Ω–µ–≤–Ω—ã–µ –≤–ª–æ–≥–∏"", ""–∫–∞—Ç—è –∏ –≤–∞–Ω—è"", ""–∫–∞—Ç—è –∏ –≤–∞–Ω—è –∏–∑ –∏—Å–ø–∞–Ω–∏–∏""]",[]
Gv69ybif_pc,–ù–ê–®–õ–ò –í –¢–†–≠–® –ö–í–ê–†–¢–ò–†–ï –ï–õ–ï –ñ–ò–í–£–Æ –ë–ê–ë–£–®–ö–£ –ë–ï–ó –ï–î–´ –ò –î–ï–í–û–ß–ö–£ –ö–û–¢–û–†–û–ô –ù–£–ñ–ù–ê –ü–û–ú–û–©–¨.,"–£–∫—Ä–∞—Å—å—Ç–µ —ç—Ç—É –æ—Å–µ–Ω—å –Ω–∞—Å—ã—â–µ–Ω–Ω—ã–º –≤–∫—É—Å–æ–º –∏ –∞—Ä–æ–º–∞—Ç–æ–º —Ñ—Ä—É–∫—Ç–æ–≤ –≤–º–µ—Å—Ç–µ —Å –Ω–æ–≤—ã–º –Ω–∞–±–æ—Ä–æ–º —Å–æ–∫–æ—á–∞—è!
–ó–∞–∫–∞–∂–∏—Ç–µ —Å–µ–±–µ –∏ —Å–≤–æ–∏–º –±–ª–∏–∑–∫–∏–º —Ç–µ–ø–ª–æ –∏ —É—é—Ç –ø–æ —Å—Å—ã–ª–∫–µ:
OZON: https://ozon.onelink.me/SNMZ/f8f7d0dj
WB: https://www.wildberries.ru/seller/590522?utm_source=youtube&utm_medium=blog&utm_campaign=590522-id-vasyanasene+&utm_term=vasyanasene+&utm_content=0411
–°–ê–ô–¢: https://clck.ru/3Q8iNt
–ù–∞–±–æ—Ä –Ω–∞ OZON: https://ozon.onelink.me/SNMZ/4bsbkk9i
–ù–∞–±–æ—Ä –Ω–∞  WB: https://www.wildberries.ru/catalog/549019114/detail.aspx?utm_source=youtube&utm_medium=blog&utm_campaign=590522-id-vasyanasene+&utm_term=vasyanasene+&utm_content=0411




–î–†–£–ó–¨–Ø –ü–ï–†–ï–•–û–î–ò–¢–ï –ü–û –°–°–´–õ–ö–ï –ò –ü–†–ò–û–ë–†–ï–¢–ê–ô–¢–ï –ú–û–Æ –°–ò–°–¢–ï–ú–£ –¢–†–ï–ù–ò–†–û–í–û–ö –î–õ–Ø –°–ü–ò–ù–´ –ò –®–ï–ò: https://vasyanasporte.ru/
‚Äî‚Äî‚Äî‚Äî‚Äî‚Äî‚Äî‚Äî‚Äî‚Äî
              


–ï–°–õ–ò –í–ê–ú –ù–†–ê–í–ò–¢–°–Ø –¢–û –ß–¢–û –ú–´ –î–ï–õ–ê–ï–ú, –í–´ –ú–û–ñ–ï–¢–ï –ü–û–î–î–ï–†–ñ–ê–¢–¨ –ù–ê–® –ü–†–û–ï–ö–¢:   
–°–ë–ï–†–ë–ê–ù–ö: 4274278059927775 –°–µ—Ä–≥–µ–π –ê–ª–µ–∫—Å–∞–Ω–¥—Ä–æ–≤–∏—á –õ.
https://www.donationalerts.com/r/vasyanasene

PayPal:aleksandr.lukianov@inbox.lv

–î–ª—è —Å–ø–æ–Ω—Å–æ—Ä–æ–≤ –∏–∑ –†–æ—Å—Å–∏–∏: https://boosty.to/vasyanasene 

–°–ë–ï–†–ë–ê–ù–ö: 4274278059927775 –°–µ—Ä–≥–µ–π –ê–ª–µ–∫—Å–∞–Ω–¥—Ä–æ–≤–∏—á –õ.

https://www.donationalerts.com/r/vasyanasene

PayPal:aleksandr.lukianov@inbox.lv

–î–ª—è —Å–ø–æ–Ω—Å–æ—Ä–æ–≤ –∏–∑-–∑–∞ —Ä—É–±–µ–∂–∞: https://www.youtube.com/channel/UCUQCJV9ksyRXe0sCH5noWNg/join

–ö—Ä–∏–ø—Ç–æ–∫–æ—à–µ–ª–µ–∫ : 
ETH: 0xc5ad56e1De9941548507a261b746a8937F33A8fB
‚Äî‚Äî‚Äî‚Äî‚Äî‚Äî‚Äî‚Äî
BTC: bc1qqyp2lxvkh7rcalm266u5cnwvthhugl8mf3dm97
‚Äî‚Äî‚Äî‚Äî‚Äî‚Äî‚Äî‚Äî
Tether USDT : TB6WiDZF4JF1uDiR8nq63K4LT6NMn1KECN
___________                                
                                      –ù–ê–®–ò –°–û–¶–°–ï–¢–ò
–ú–æ–π —Ç–µ–ª–µ–≥—Ä–∞–º–º-–∫–∞–Ω–∞–ª: https://t.me/vasya_nasene
–ò–Ω—Å—Ç–∞–≥—Ä–∞–º–º: https://www.instagram.com/vasya_na_sene/
–ú–æ–π –∫–∞–Ω–∞–ª –Ω–∞ –Ø–Ω–¥–µ–∫—Å –î–∑–µ–Ω: https://zen.yandex.ru/profile/editor/vasyanasene
–ú—ã –í–ö–æ–Ω—Ç–∞–∫—Ç–µ: https://vk.com/club191528992
–ú—ã –≤ RUTUBE: https://rutube.ru/channel/25039243/
_______________________________________________________________________________                   
–ñ–¥—ë–º –≤–∞—à–∏—Ö –∏—Å—Ç–æ—Ä–∏–π –ø–∏—à–∏—Ç–µ: vasya_pomogai@mail.ru
–ü–û –í–û–ü–†–û–°–ê–ú –†–ö–õ–ê–ú–´ –ò –°–û–¢–†–£–î–ù–ò–ß–ï–°–¢–í–ê: vasyanasene@spritemedia.ru
vasyanasene@bbf.media

–ü–û–ß–¢–ê –î–õ–Ø –ü–û–°–´–õ–û–ö: pochta_na_sene@mail.ru",–í–ê–°–Ø –ù–ê –°–ï–ù–ï,"[""–≤–∞—Å—è –Ω–∞ —Å–µ–Ω–µ"", ""–≤–∞—Å—è–Ω–∞—Å–µ–Ω–µ"", ""–≤–∞—Å—è"", ""–ª–µ—Ö–∞ –≤–∞—Å—è"", ""–ª–µ—Ö–∞ –≤–∞—Å—è –Ω–∞ —Å–µ–Ω–µ"", ""–ø–æ–º–æ—â—å –ª—é–¥—è–º"", ""–¥–æ–±—Ä—ã–µ –¥–µ–ª–∞"", ""–ø–æ–¥–∞—Ä–∏–ª"", ""–ø–æ–¥–∞—Ä–∫–∏"", ""—Å–µ—Ä–≥–µ–π –ª—É–∫—å—è–Ω–æ–≤"", ""—Å–µ—Ä–≥–µ–π –ª—É–∫—å—è–Ω–æ–≤ –±–ª–æ–≥–µ—Ä"", ""–ø–æ–º–æ—â –ª—é–¥—è–º"", ""–ø–æ–º–æ—â—å"", ""–≤–æ–ª–æ–Ω—Ç—ë—Ä—ã"", ""–≤–∞—Å—è –ø–æ–º–æ–≥–∞–π""]",368883,1726.7567828203057,0,2142,2025-11-04T15:00:38Z,22,0,People & Blogs,[],[],"[""–≤–∞—Å—è"", ""–≤–∞—Å—è –Ω–∞ —Å–µ–Ω–µ"", ""–≤–∞—Å—è –ø–æ–º–æ–≥–∞–π"", ""–≤–∞—Å—è–Ω–∞—Å–µ–Ω–µ"", ""–≤–æ–ª–æ–Ω—Ç—ë—Ä—ã"", ""–¥–æ–±—Ä—ã–µ –¥–µ–ª–∞"", ""–ª–µ—Ö–∞ –≤–∞—Å—è"", ""–ª–µ—Ö–∞ –≤–∞—Å—è –Ω–∞ —Å–µ–Ω–µ"", ""–ø–æ–¥–∞—Ä–∏–ª"", ""–ø–æ–¥–∞—Ä–∫–∏"", ""–ø–æ–º–æ—â –ª—é–¥—è–º"", ""–ø–æ–º–æ—â—å"", ""–ø–æ–º–æ—â—å –ª—é–¥—è–º"", ""—Å–µ—Ä–≥–µ–π –ª—É–∫—å—è–Ω–æ–≤"", ""—Å–µ—Ä–≥–µ–π –ª—É–∫—å—è–Ω–æ–≤ –±–ª–æ–≥–µ—Ä""]",[]
yhmRj7zeNUs,"–ù–µ–ø–æ–±–µ–π–±–∏–∫ –ò–í–ê–ù –Ø–ù–ö–û–í–°–ö–ò–ô –æ—Ä–∏–µ–Ω—Ç–∞—Ü–∏—è, —Å–ø–ª–µ—Ç–Ω–∏, –¥–µ–≤—É—à–∫–∏, —Å–µ–º–µ–π–Ω—ã–µ —Ç–∞–π–Ω—ã","–£–∫—Ä–∞—Å—å—Ç–µ —ç—Ç—É –æ—Å–µ–Ω—å –Ω–∞—Å—ã—â–µ–Ω–Ω—ã–º –≤–∫—É—Å–æ–º –∏ –∞—Ä–æ–º–∞—Ç–æ–º —Ñ—Ä—É–∫—Ç–æ–≤ –≤–º–µ—Å—Ç–µ —Å –Ω–æ–≤—ã–º –Ω–∞–±–æ—Ä–æ–º —Å–æ–∫–æ—á–∞—è!
–ó–∞–∫–∞–∂–∏—Ç–µ —Å–µ–±–µ –∏ —Å–≤–æ–∏–º –±–ª–∏–∑–∫–∏–º —Ç–µ–ø–ª–æ –∏ —É—é—Ç –ø–æ —Å—Å—ã–ª–∫–µ:
OZON: https://ozon.onelink.me/SNMZ/xjxunead
WB: https://www.wildberries.ru/seller/590522?utm_source=youtube&utm_medium=blog&utm_campaign=590522-id-dark&utm_term=dark&utm_content=11111025
–°–ê–ô–¢: https://clck.ru/3QGLNF
–ù–∞–±–æ—Ä –Ω–∞ OZON: https://ozon.onelink.me/SNMZ/credsvo8
–ù–∞–±–æ—Ä –Ω–∞ WB: https://www.wildberries.ru/catalog/549019114/detail.aspx?targetUrl=MI&utm_source=youtube&utm_medium=blog&utm_campaign=590522-id-dark&utm_term=dark&utm_content=11111025

–†–µ–∫–ª–∞–º–∞. –û–û–û ""–ê–õ–ò–ß–ï"" –ò–ù–ù 5036101467 erid:2W5zFGxdSzc

–¢–µ–ª–µ–≥—Ä–∞–º: https://t.me/sheisdarky
–°–æ—Ç—Ä—É–¥–Ω–∏—á–µ—Å—Ç–≤–æ: sheisdarky@gmail.com
–ú–æ—è –ø–∞–º—è—Ç–∫–∞ –ø–æ Youtube: https://boosty.to/callherdarky

00:00 –æ —á–µ–º —Ä–æ–ª–∏–∫ 
04:24 –¥–∏–Ω–∞—Å—Ç–∏—è –Ø–Ω–∫–æ–≤—Å–∫–∏—Ö 
10:45 –ò–≤–∞–Ω –Ø–Ω–∫–æ–≤—Å–∫–∏–π 
14:05 —Å–∫–∞–Ω–¥–∞–ª —Å –∞—Å–º—É—Å 
15:50 –ª–∏—á–Ω–∞—è –∂–∏–∑–Ω—å 
18:18 –ò–≤–∞–Ω –∏ –í–µ—Ä–∞ 
23:10 –û–∫—Å–∞–Ω–∞ –§–∞–Ω–¥–µ—Ä–∞
26:36 —Å–∫–∞–Ω–¥–∞–ª—ã –≤ —Å–µ–º—å–µ 
31:35 –î–∏–∞–Ω–∞ –ü–æ–∂–∞—Ä—Å–∫–∞—è 
39:00 –Ø–Ω–∫–æ–≤—Å–∫–∏–π –∏ –ñ–∏–∑–Ω–µ–≤—Å–∫–∏–π 
45:48 —Å–ª–æ–≤–æ –ø–∞—Ü–∞–Ω–∞ 
50:50 —Ñ–∏—à–µ—Ä

#—è–Ω–∫–æ–≤—Å–∫–∏–π #—Å–ø–ª–µ—Ç–Ω–∏ #—Å–ª–æ–≤–æ–ø–∞—Ü–∞–Ω–∞",Darky,"[""—è–Ω–∫–æ–≤—Å–∫–∏–π"", ""—Å–ø–ª–µ—Ç–Ω–∏"", ""—à–æ—É–±–∏–∑"", ""–∑–Ω–∞–º–µ–Ω–∏—Ç–æ—Å—Ç–∏"", ""—Å–µ–ª–µ–±—Ä–∏—Ç–∏"", ""—Å–ª–æ–≤–æ –ø–∞—Ü–∞–Ω–∞"", ""–∏–≤–∞–Ω —è–Ω–∫–æ–≤—Å–∫–∏–π"", ""–¥–∞—Ä–∫–∏"", ""darky""]",52458,2181.821880487436,0,3417,2025-11-12T12:35:42Z,22,0,People & Blogs,"[""—è–Ω–∫–æ–≤—Å–∫–∏–π"", ""—Å–ª–æ–≤–æ–ø–∞—Ü–∞–Ω–∞"", ""—Å–ø–ª–µ—Ç–Ω–∏""]","[""—Å–ø–ª–µ—Ç–Ω–∏"", ""—è–Ω–∫–æ–≤—Å–∫–∏–π""]","[""darky"", ""–¥–∞—Ä–∫–∏"", ""–∑–Ω–∞–º–µ–Ω–∏—Ç–æ—Å—Ç–∏"", ""–∏–≤–∞–Ω —è–Ω–∫–æ–≤—Å–∫–∏–π"", ""—Å–µ–ª–µ–±—Ä–∏—Ç–∏"", ""—Å–ª–æ–≤–æ –ø–∞—Ü–∞–Ω–∞"", ""—à–æ—É–±–∏–∑""]","[""—Å–ª–æ–≤–æ–ø–∞—Ü–∞–Ω–∞""]"
dH8FGZNAqLc,"–ú–ê–°–°–û–í–û–ï –û–ì–õ–£–ü–õ–ï–ù–ò–ï | –ê–ª—å—Ñ–∞ –Ω–µ —É–º–µ—é—Ç —á–∏—Ç–∞—Ç—å (–∏ –¥—É–º–∞—Ç—å), –∑—É–º–µ—Ä—ã –±—Ä–æ—Å–∞—é—Ç —É—á–µ–±—É","–û—Ñ–æ—Ä–º–ª—è–π—Ç–µ –±–µ—Å–ø–ª–∞—Ç–Ω—É—é –∫–∞—Ä—Ç—É Ozon –ë–∞–Ω–∫–∞ –∏ –ø–æ–∫—É–ø–∞–π—Ç–µ –º–∏–ª–ª–∏–æ–Ω—ã —Ç–æ–≤–∞—Ä–æ–≤ –∑–∞ 1 ‚ÇΩ. Ozon –ë–∞–Ω–∫ ‚Äì –≤—ã–≥–æ–¥–Ω–æ —Å –ª—é–±–æ–π —Å—Ç–æ—Ä–æ–Ω—ã! https://bit.ly/4ozxZP3

NUME ‚Äî –±—Ä–µ–Ω–¥ –∂–µ–Ω—Å–∫–æ–π –æ–¥–µ–∂–¥—ã –∏ –æ–±—É–≤–∏. –¢–æ–ª—å–∫–æ –Ω–∞ Lamoda: https://bit.ly/4hqmV3Z
–ü—Ä–æ–º–æ–∫–æ–¥ –Ω–∞ —Å–∫–∏–¥–∫—É 15% –ø—Ä–∏ –ø–æ–∫—É–ø–∫–µ –Ω–∞ Lamoda - MURADIMOVA
–°—Ä–æ–∫ –¥–µ–π—Å—Ç–≤–∏—è –∫—É–ø–æ–Ω–∞: –ø–æ 30.11.2025.

üëâüèº –£–≤–∏–¥–∏–º—Å—è —É –º–µ–Ω—è –≤ –¢–ì: https://t.me/alina_muradi 
üîé –ò—Å—Ç–æ—á–Ω–∏–∫–∏: http://bit.ly/3WH18eA

üìö –ö–Ω–∏–≥–∞ –≤—ã–ø—É—Å–∫–∞: ""–î–Ω–µ–≤–Ω–∏–∫–∏"" –°—å—é–∑–∞–Ω –°–æ–Ω—Ç–∞–≥

–ú—ã –∂–∏–≤—ë–º –≤–æ –≤—Ä–µ–º–µ–Ω–∞, –∫–æ–≥–¥–∞ –¥—É–º–∞—Ç—å —Å—Ç–∞–ª–æ —É—Ç–æ–º–∏—Ç–µ–ª—å–Ω–æ, –∞ —Å–∫—É—á–∞—Ç—å ‚Äî –Ω–µ–ø–æ–∑–≤–æ–ª–∏—Ç–µ–ª—å–Ω–æ. –¢–µ–ª–µ—Ñ–æ–Ω –∑–∞–º–µ–Ω–∏–ª —Ç–∏—à–∏–Ω—É, –ò–ò ‚Äî –º—ã—à–ª–µ–Ω–∏–µ, –∞ –∫–æ–Ω—Ü–µ–Ω—Ç—Ä–∞—Ü–∏—è —Ç–µ–ø–µ—Ä—å —Ä–æ—Å–∫–æ—à—å. –ü–æ—á–µ–º—É –Ω–∞—à –º–æ–∑–≥ –±–æ–ª—å—à–µ –Ω–µ —Å–ø—Ä–∞–≤–ª—è–µ—Ç—Å—è —Å –º–∏—Ä–æ–º, –∏ –∫–∞–∫ –≤–µ—Ä–Ω—É—Ç—å —Å–µ–±–µ —Å–ø–æ—Å–æ–±–Ω–æ—Å—Ç—å –±—ã—Ç—å‚Ä¶ —á–µ–ª–æ–≤–µ–∫–æ–º?

___________________________________

üëâüèº –Ø –≤ Instagram*: https://www.instagram.com/alina.muradimovaa

–ù–æ–≤—ã–µ –≤–∏–¥–µ–æ —Ç–µ–ø–µ—Ä—å —Ä–∞–Ω—å—à–µ –≤—ã—Ö–æ–¥—è—Ç –Ω–∞ –º–æ—ë–º RUTUBE-–∫–∞–Ω–∞–ª–µ - https://rutube.ru/channel/39319150/

–°–æ—Ç—Ä—É–¥–Ω–∏—á–µ—Å—Ç–≤–æ: 
alina.muradimova.pr@mail.ru
tg: @alinamur_pr

Alina Muradimova
–ê–ª–∏–Ω–∞ –ú—É—Ä–∞–¥–∏–º–æ–≤–∞ 

–ù–∞–¥ —Ä–æ–ª–∏–∫–æ–º —Ä–∞–±–æ—Ç–∞–ª–∏:
–ê–ª–∏–Ω–∞ –ú., –í–∞–ª–µ—Ä–∏—è –ö., –ú–∞—Ä–∏–Ω–∞ –ö.

*–ö–æ–º–ø–∞–Ω–∏—è Meta –∑–∞–ø—Ä–µ—â–µ–Ω–∞ –Ω–∞ —Ç–µ—Ä—Ä–∏—Ç–æ—Ä–∏–∏ –†–§
–ú–∞—Ä–∫–∏—Ä–æ–≤–∫–∞: –û–û–û ""–û–ó–û–ù –ë–ê–ù–ö"", –ò–ù–ù: 9703077050, Erid: 2VSb5yPWGgh
–†–µ–∫–ª–∞–º–∞. –û–û–û ¬´–ö—É–ø–∏—à—É–∑¬ª. –ò–ù–ù 7705935687. erid: 2VfnxvbEZgd",Alina –úuradimova,"[""–∞–ª–∏–Ω–∞ –º—É—Ä–∞–¥–∏–º–æ–≤–∞"", ""alina muradimova"", ""–º–∞—Å—Å–æ–≤–æ–µ –æ–≥–ª—É–ø–ª–µ–Ω–∏–µ"", ""–ø–æ—á–µ–º—É –º—ã —Ä–∞–∑—É—á–∏–ª–∏—Å—å –¥—É–º–∞—Ç—å"", ""–∫—Ä–∏–∑–∏—Å –≤–Ω–∏–º–∞–Ω–∏—è"", ""–¥–µ—Ç–æ–∫—Å –æ—Ç —Ç–µ–ª–µ—Ñ–æ–Ω–∞"", ""–∞–ª—å—Ñ–∞ –Ω–µ —É–º–µ–µ—Ç —á–∏—Ç–∞—Ç—å"", ""–∑—É–º–µ—Ä—ã –±—Ä–æ—Å–∞—é—Ç —É—á—ë–±—É"", ""–ø–∞–¥–µ–Ω–∏–µ —É—Ä–æ–≤–Ω—è —á—Ç–µ–Ω–∏—è"", ""–∫–∞–∫ –≤–µ—Ä–Ω—É—Ç—å –∫–æ–Ω—Ü–µ–Ω—Ç—Ä–∞—Ü–∏—é"", ""–≤–µ—Ä—Ç–∏–∫–∞–ª—å–Ω—ã–µ —Å–µ—Ä–∏–∞–ª—ã"", ""—Çiktok –∏ –¥–µ–≥—Ä–∞–¥–∞—Ü–∏—è —Ä–µ—á–∏"", ""–ø–æ—á–µ–º—É –º–Ω–µ —Å–∫—É—á–Ω–æ"", ""—Ü–∏—Ñ—Ä–æ–≤–∞—è –∑–∞–≤–∏—Å–∏–º–æ—Å—Ç—å"", ""–∫–∞–∫ –ø–µ—Ä–µ—Å—Ç–∞—Ç—å —Ç—É–ø–µ—Ç—å"", ""–∫–ª–∏–ø–æ–≤–æ–µ –º—ã—à–ª–µ–Ω–∏–µ"", ""–∫–∞–∫ —Ç—Ä–µ–Ω–∏—Ä–æ–≤–∞—Ç—å –∫—Ä–∏—Ç–∏—á–µ—Å–∫–æ–µ –º—ã—à–ª–µ–Ω–∏–µ"", ""–¥–µ—Ç–∏ –∏ –≥–∞–¥–∂–µ—Ç—ã"", ""–∫–∞–∫ —Å—Ç–∞—Ç—å —É–º–Ω–µ–µ"", ""–∫–∞–∫ —É–±–∏—Ç—å —Å–∫—É–∫—É""]",88041,1994.854648788178,0,1505,2025-11-11T16:30:15Z,22,0,People & Blogs,[],[],"[""alina muradimova"", ""–∞–ª–∏–Ω–∞ –º—É—Ä–∞–¥–∏–º–æ–≤–∞"", ""–∞–ª—å—Ñ–∞ –Ω–µ —É–º–µ–µ—Ç —á–∏—Ç–∞—Ç—å"", ""–≤–µ—Ä—Ç–∏–∫–∞–ª—å–Ω—ã–µ —Å–µ—Ä–∏–∞–ª—ã"", ""–¥–µ—Ç–∏ –∏ –≥–∞–¥–∂–µ—Ç—ã"", ""–¥–µ—Ç–æ–∫—Å –æ—Ç —Ç–µ–ª–µ—Ñ–æ–Ω–∞"", ""–∑—É–º–µ—Ä—ã –±—Ä–æ—Å–∞—é—Ç —É—á—ë–±—É"", ""–∫–∞–∫ –≤–µ—Ä–Ω—É—Ç—å –∫–æ–Ω—Ü–µ–Ω—Ç—Ä–∞—Ü–∏—é"", ""–∫–∞–∫ –ø–µ—Ä–µ—Å—Ç–∞—Ç—å —Ç—É–ø–µ—Ç—å"", ""–∫–∞–∫ —Å—Ç–∞—Ç—å —É–º–Ω–µ–µ"", ""–∫–∞–∫ —Ç—Ä–µ–Ω–∏—Ä–æ–≤–∞—Ç—å –∫—Ä–∏—Ç–∏—á–µ—Å–∫–æ–µ –º—ã—à–ª–µ–Ω–∏–µ"", ""–∫–∞–∫ —É–±–∏—Ç—å —Å–∫—É–∫—É"", ""–∫–ª–∏–ø–æ–≤–æ–µ –º—ã—à–ª–µ–Ω–∏–µ"", ""–∫—Ä–∏–∑–∏—Å –≤–Ω–∏–º–∞–Ω–∏—è"", ""–º–∞—Å—Å–æ–≤–æ–µ –æ–≥–ª—É–ø–ª–µ–Ω–∏–µ"", ""–ø–∞–¥–µ–Ω–∏–µ —É—Ä–æ–≤–Ω—è —á—Ç–µ–Ω–∏—è"", ""–ø–æ—á–µ–º—É –º–Ω–µ —Å–∫—É—á–Ω–æ"", ""–ø–æ—á–µ–º—É –º—ã —Ä–∞–∑—É—á–∏–ª–∏—Å—å –¥—É–º–∞—Ç—å"", ""—Çiktok –∏ –¥–µ–≥—Ä–∞–¥–∞—Ü–∏—è —Ä–µ—á–∏"", ""—Ü–∏—Ñ—Ä–æ–≤–∞—è –∑–∞–≤–∏—Å–∏–º–æ—Å—Ç—å""]",[]
rrGIZnbquNg,–Ø –£–í–û–õ–ò–õ–ê–°–¨.,"–í—Å–µ—Ö –ø—Ä–∏–≤–µ—Ç—Å—Ç–≤—É—é! –ú–µ–Ω—è –∑–æ–≤—É—Ç –°–æ—Ñ–∏—è –∏ –ø–æ—Å–ª–µ–¥–Ω–∏–µ –Ω–µ—Å–∫–æ–ª—å–∫–æ –ª–µ—Ç –Ω–∞ —Å–≤–æ–µ–º –∫–∞–Ω–∞–ª–µ —è –¥–µ–ª–∏–ª–∞—Å—å –æ—Ç—Ä—ã–≤–∫–∞–º–∏ —Å–≤–æ–∏—Ö —Ä–∞–±–æ—á–∏—Ö –±—É–¥–Ω–µ–π –≤ –∫–∞—á–µ—Å—Ç–≤–µ –æ–±—ã—á–Ω–æ–≥–æ —É—á–∏—Ç–µ–ª—è –∏ –ø—ã—Ç–∞–ª–∞—Å—å —Ä–∞—Å—Å–∫–∞–∑—ã–≤–∞—Ç—å –æ —Å–≤–æ–µ–π –ø—Ä–æ—Ñ–µ—Å—Å–∏–∏ —Å –ª—é–±–æ–≤—å—é –∏ —É–≤–∞–∂–µ–Ω–∏–µ–º. –ù–æ –Ω–µ–¥–∞–≤–Ω–æ —è —É–≤–æ–ª–∏–ª–∞—Å—å.

–í —ç—Ç–æ–º –≤–∏–¥–µ–æ —è —á–µ—Å—Ç–Ω–æ —Ä–∞—Å—Å–∫–∞–∑—ã–≤–∞—é –æ:
üìé–ø—Ä–∏—á–∏–Ω–∞—Ö –º–æ–µ–≥–æ —É–≤–æ–ª—å–Ω–µ–Ω–∏—è
üìé–æ —Ç–æ–º, —á—Ç–æ —Å–æ–±–∏—Ä–∞—é—Å—å –¥–µ–ª–∞—Ç—å –¥–∞–ª—å—à–µ
üìé–∏ —á—Ç–æ –±—É–¥–µ—Ç —Å –º–æ–∏–º –±–ª–æ–≥–æ–º

‚û°Ô∏è –ú–æ–π –¢–µ–ª–µ–≥—Ä–∞–º –ö–∞–Ω–∞–ª: https://t.me/sofffasin
‚û°Ô∏è –ß–∞—Ç –¥–ª—è —É—á–∏—Ç–µ–ª–µ–π: https://t.me/uchitelskayaroom
‚û°Ô∏è –í–ö —Å –º–æ–∏–º–∏ –º–∞—Ç–µ—Ä–∏–∞–ª–∞–º–∏, —Ç–∞–º –∂–µ –¥—É–±–ª–∏—Ä—É—é –≤–ª–æ–≥–∏ —Å YouTube: https://vk.com/sofffasin
‚û°Ô∏è –¢–ì–ö —Å –º–æ–∏–º–∏ –º–∞—Ç–µ—Ä–∏–∞–ª–∞–º–∏ –ø–æ –∏—Å—Ç–æ—Ä–∏–∏ –∏ –æ–±—â–µ—Å—Ç–≤–æ–∑–Ω–∞–Ω–∏—é: https://t.me/materialy_sofasin

–ö–ê–ö –®–ö–û–õ–¨–ù–ê–Ø –°–ò–°–¢–ï–ú–ê –£–ù–ò–ß–¢–û–ñ–ê–ï–¢ –£–ß–ò–¢–ï–õ–ï–ô
https://youtu.be/gDPKtkDCQ64",SOFASIN,[],66432,734.9021381380257,0,4903,2025-11-09T18:14:33Z,22,0,People & Blogs,[],[],[],[]
7BjcNkEe0Lk,–ë–ï–†–ï–ú–ï–ù–ù–û–°–¢–¨ ü§∞üèª –ú–æ–π –ø—É—Ç—å –∏ –ª–∏—á–Ω–∞—è –∏—Å—Ç–æ—Ä–∏—è,"–°–∞–º–æ–µ —Ç—Ä–æ–≥–∞—Ç–µ–ª—å–Ω–æ–µ –∏ –ª–∏—á–Ω–æ–µ –≤–∏–¥–µ–æ –Ω–∞ –º–æ—ë–º –∫–∞–Ω–∞–ª–µ ü§∞üèªüíñ

–Ø —Ä–µ—à–∏–ª–∞ –ø–æ–¥–µ–ª–∏—Ç—å—Å—è —Ç–µ–º, –∫–∞–∫ –ø—Ä–æ—Ö–æ–¥–∏—Ç –º–æ—è –±–µ—Ä–µ–º–µ–Ω–Ω–æ—Å—Ç—å: –ø–ª–∞–Ω–∏—Ä–æ–≤–∞–Ω–∏–µ, –∫–∞–∫ —É–∑–Ω–∞–ª–∞, –º–æ–π –ø—É—Ç—å –∏ –æ–ø—ã—Ç. –ö–∞–∂–¥–∞—è –±–µ—Ä–µ–º–µ–Ω–Ω–æ—Å—Ç—å —É–Ω–∏–∫–∞–ª—å–Ω–∞, –∏ —á–µ—Ä–µ–∑ —ç—Ç–æ –≤–∏–¥–µ–æ —è –Ω–∞–¥–µ—é—Å—å –ø–æ–¥–¥–µ—Ä–∂–∞—Ç—å –¥—Ä—É–≥–∏—Ö. –¢–∞–∫–∂–µ –ø–æ–≥–æ–≤–æ—Ä–∏–º –æ –º–æ—ë–º –ø–µ—Ä–≤–æ–º —Ç—Ä–∏–º–µ—Å—Ç—Ä–µ –∏ –º–æ—ë–º —Å–æ—Å—Ç–æ—è–Ω–∏–∏

–ú–æ–∏ —Å–æ—Ü–∏–∞–ª—å–Ω—ã–µ —Å–µ—Ç–∏:
‚úî Telegram: https://t.me/bogdanovich_elena/
‚úî IG: @bogdanovich.elena
‚úî VK: https://vk.com/elena_bogdanovich

–°–º–æ—Ç—Ä–∏—Ç–µ –¥–∞–ª–µ–µ:
–ö—Ä–∞—à—É—Å—å –õ–£–ß–®–ò–ú–ò –ù–û–í–ò–ù–ö–ê–ú–ò! –ü–æ–ø—É–ª—è—Ä–Ω–∞—è –∫–æ—Å–º–µ—Ç–∏–∫–∞, —Å–≤–æ—Ç—á–∏ –∏ –æ–±–∑–æ—Ä –ø–æ–∫—É–ø–æ–∫ üõçÔ∏è
https://youtu.be/cIsDQgDUorQ

–°–®–ê üá∫üá∏ –ë–û–õ–¨–®–û–ô –í–õ–û–ì. –≠—Ç–∏ –º–µ—Å—Ç–∞ —Å—Ç–æ–∏—Ç —É–≤–∏–¥–µ—Ç—å –≤ –∂–∏–∑–Ω–∏! –û–±–∑–æ—Ä –º–æ–∏—Ö –ø–æ–∫—É–ø–æ–∫
https://youtu.be/kuj8Clj0s5U

–õ–û–°-–ê–ù–î–ñ–ï–õ–ï–° —É–¥–∏–≤–∏–ª –º–µ–Ω—è üå¥üá∫üá∏ –ì–æ—Ä–æ–¥ –∑–≤—ë–∑–¥, —Ä–æ—Å–∫–æ—à–∏ –∏ –º–∞–≥–∞–∑–∏–Ω–æ–≤. –ß—Ç–æ –∫—É–ø–∏—Ç—å –≤ —Å—É–ø–µ—Ä–º–∞—Ä–∫–µ—Ç–∞—Ö –ê–º–µ—Ä–∏–∫–∏?
https://youtu.be/oFjHeEbqD0o

----------------------------------
–°–æ—Ç—Ä—É–¥–Ω–∏—á–µ—Å—Ç–≤–æ: pr@bogdanovich.ru
----------------------------------",Elena Bogdanovich,"[""–ª–æ–≥"", ""–≤–ª–æ–≥–∏"", ""–ª–∞–π—Ñ—Å—Ç–∞–π–ª"", ""–≤–ª–æ–≥–∏ –∫–∞–∂–¥—ã–π –¥–µ–Ω—å"", ""–º–æ—Ç–∏–≤–∞—Ü–∏–æ–Ω–Ω—ã–π –≤–ª–æ–≥"", ""lifestyle"", ""–ª–∞–π—Ñ—Å—Ç–∞–π–ª –≤–ª–æ–≥"", ""vlog"", ""–±–µ—Ä–µ–º–µ–Ω–Ω–∞"", ""–±–µ—Ä–µ–º–µ–Ω–Ω–æ—Å—Ç—å"", ""—Å–µ–º—å—è"", ""—è –±–µ—Ä–µ–º–µ–Ω–Ω–∞"", ""–º–æ—è –±–µ—Ä–µ–º–µ–Ω–Ω–æ—Å—Ç—å"", ""–º–∞—Ç–µ—Ä–∏–Ω—Å—Ç–≤–æ"", ""–ø–µ—Ä–≤—ã–π —Ç—Ä–∏–º–µ—Å—Ç—Ä"", ""—Ä–µ–±—ë–Ω–æ–∫"", ""–∑–∞–º–µ—Ä—à–∞—è –±–µ—Ä–µ–º–µ–Ω–Ω–æ—Å—Ç—å"", ""—Ç–æ–∫—Å–∏–∫–æ–∑"", ""—Å–ª–∞–±–æ—Å—Ç—å""]",185162,976.4046395595979,0,2129,2025-11-05T15:00:06Z,22,0,People & Blogs,[],[],"[""lifestyle"", ""vlog"", ""–±–µ—Ä–µ–º–µ–Ω–Ω–∞"", ""–±–µ—Ä–µ–º–µ–Ω–Ω–æ—Å—Ç—å"", ""–≤–ª–æ–≥–∏"", ""–≤–ª–æ–≥–∏ –∫–∞–∂–¥—ã–π –¥–µ–Ω—å"", ""–∑–∞–º–µ—Ä—à–∞—è –±–µ—Ä–µ–º–µ–Ω–Ω–æ—Å—Ç—å"", ""–ª–∞–π—Ñ—Å—Ç–∞–π–ª"", ""–ª–∞–π—Ñ—Å—Ç–∞–π–ª –≤–ª–æ–≥"", ""–ª–æ–≥"", ""–º–∞—Ç–µ—Ä–∏–Ω—Å—Ç–≤–æ"", ""–º–æ—Ç–∏–≤–∞—Ü–∏–æ–Ω–Ω—ã–π –≤–ª–æ–≥"", ""–º–æ—è –±–µ—Ä–µ–º–µ–Ω–Ω–æ—Å—Ç—å"", ""–ø–µ—Ä–≤—ã–π —Ç—Ä–∏–º–µ—Å—Ç—Ä"", ""—Ä–µ–±—ë–Ω–æ–∫"", ""—Å–µ–º—å—è"", ""—Å–ª–∞–±–æ—Å—Ç—å"", ""—Ç–æ–∫—Å–∏–∫–æ–∑"", ""—è –±–µ—Ä–µ–º–µ–Ω–Ω–∞""]",[]
AxSZUIw2DiI,"–í–ª–æ–≥ 11.11 –∏—Å–∫–∞–ª–∞ —Å–∫–∏–¥–∫–∏, –Ω–∞—à–ª–∞ –≤ –ü–µ—Ä–µ–∫—Ä–µ—Å—Ç–∫–µ, —Å –û–∫—Å–∞–Ω–æ–π –æ –Ω–∞–±–æ–ª–µ–≤—àe–º!","–ü–û –í–û–ü–†–û–°–ê–ú –†–ï–ö–õ–ê–ú–´ ‚Äî –ø–∏—à–∏—Ç–µ –≤ TELEGRAM: @N–∞t–∞li_st_m
üôè –î–û–†–û–ì–ò–ï –î–†–£–ó–¨–Ø!
–ú–æ–∏ –∫–∞–Ω–∞–ª—ã –∏ —Å—Ç—Ä–∞–Ω–∏—Ü—ã –≤ —Å–æ—Ü—Å–µ—Ç—è—Ö üíúüëá
üî• –î–ó–ï–ù: https://dzen.ru/lenavanyalife
üî• TELEGRAM: https://t.me/lenalaif
üî• RUTUBE: https://rutube.ru/channel/34926114/
üìß –ü–æ—á—Ç–∞ –¥–ª—è —Å–æ—Ç—Ä—É–¥–Ω–∏—á–µ—Å—Ç–≤–∞: king–∞022@m–∞∆ñ∆ñ.ru
üíñ –ü–û–î–û–ë–†–ê–¢–¨ –ü–û–î–•–û–î–Ø–©–ò–ô –û–¢–ï–õ–¨ –ø–æ–º–æ–≥—É—Ç ¬´–Ø–Ω–¥–µ–∫—Å –ü—É—Ç–µ—à–µ—Å—Ç–≤–∏—è¬ª https://travel.yandex.ru/--/h3MsGNpU4d5Tug?erid=5jtCeReNx12oajjJdnKC2jM (–†–µ–∫–ª–∞–º–∞. –û–û–û ¬´–Ø–Ω–¥–µ–∫—Å.–í–µ—Ä—Ç–∏–∫–∞–ª–∏¬ª, –ò–ù–ù 7704340327)
üíñ –ü–û–î–û–ë–†–ê–¢–¨ –ü–û–î–ê–†–û–ö –ò–õ–ò –¢–ï–•–ù–ò–ö–£ –º–æ–∂–Ω–æ –Ω–∞ ¬´–Ø–Ω–¥–µ–∫—Å –ú–∞—Ä–∫–µ—Ç–µ¬ª https://ya.cc/m/23aBdIf?erid=5jtCeReNx12oajjJdnKC37T (–†–µ–∫–ª–∞–º–∞. –û–û–û ¬´–Ø–Ω–¥–µ–∫—Å¬ª, –ò–ù–ù 7736207543)
‚ú® –°–ø–∞—Å–∏–±–æ, —á—Ç–æ –≤—ã —Å–æ –º–Ω–æ–π! –í–∞—à–∞ –ø–æ–¥–¥–µ—Ä–∂–∫–∞ ‚Äî –º–æ—è –º–æ—Ç–∏–≤–∞—Ü–∏—è ‚ù§Ô∏è–Ø –¥–µ–ª—é—Å—å —Ç–µ–º, —á—Ç–æ –ø–æ-–Ω–∞—Å—Ç–æ—è—â–µ–º—É –±–ª–∏–∑–∫–æ –∫–∞–∂–¥–æ–π –∂–µ–Ω—â–∏–Ω–µ ‚Äî –ø—Ä–æ—Å—Ç—ã–º–∏ —Ä–∞–¥–æ—Å—Ç—è–º–∏, –∞—Ç–º–æ—Å—Ñ–µ—Ä–æ–π —Ç–µ–ø–ª–∞ –∏ –≤–¥–æ—Ö–Ω–æ–≤–µ–Ω–∏–µ–º –¥–ª—è –¥—É—à–∏ üíñ
üëú üî•–¢–µ–º—ã –∫–∞–Ω–∞–ª–∞:
–ªa–π—Ñ—Å—Ç–∞–π–ª, –ø—É—Ç–µ—à–µ—Å—Ç–≤–∏—è, –ø–æ–∫—É–ø–∫–∏, –æ–¥–µ–∂–¥–∞ –±–æ–ª—å—à–∏—Ö —Ä–∞–∑–º–µ—Ä–æ–≤, plus size, —É—é—Ç–Ω—ã–π –≤–ª–æ–≥, –¥–æ–º–∞—à–Ω–∏–µ –±—É–¥–Ω–∏, –∂–µ–Ω—Å–∫–∏–π –∫–æ–Ω—Ç–µ–Ω—Ç, –≤–ª–æ–≥ –æ –∂–∏–∑–Ω–∏",–õe–Ω–∞ LIFE,"[""–ªe–Ω–∞ life"", ""–ª–µ–Ω–∞ –∏ –≤–∞–Ω—è life"", ""–ª–µ–Ω–∞ –ª–∞–π—Ñ –æ–±–∑–æ—Ä—ã"", ""–ª–µ–Ω–∞ –ª–∞–π—Ñ"", ""–ª–µ–Ω–∞ laif"", ""–ø—É—Ç–µ—à–µ—Å—Ç–≤–∏–µ"", ""–ø—É—Ç–µ—à–µ—Å—Ç–≤–∏—è"", ""–ª–µ–Ω–∞ life"", ""–ª–µ–Ω–∞ –∏ –≤–∞–Ω—è"", ""–ª–µ–Ω–∞ –ø–ª—é—Å –≤–∞–Ω—è"", ""—à–æ–ø–ø–∏–Ω–≥"", ""—Ü–µ–Ω—ã"", ""–ø–æ–∫—É–ø–∫–∏"", ""–≤–ª–æ–≥"", ""–ª–∞–π—Ñ—Å—Ç–∞–π–ª –≤–ª–æ–≥"", ""–ª–∞–π—Ñ—Å—Ç–∞–π–ª"", ""–ª–µ–Ω–∞ life –æ–±–∑–æ—Ä—ã"", ""–ª–µ–Ω–∞ –≤–ª–æ–≥"", ""–ª–∞–π—Ñ—Å—Ç–∞–π–ª –±–ª–æ–≥"", ""–±—É–¥–Ω–∏"", ""—à–æ–ø–∏–Ω–≥"", ""–ª–µ–Ω–∞ –∏ –≤–∞–Ω—è –≤–ª–æ–≥"", ""–≤–ª–æ–≥ –æ –ø—É—Ç–µ—à–µ—Å—Ç–≤–∏—è—Ö"", ""–ø–ª—é—Å —Å–∞–π–∑"", ""plus size"", ""–∫–∞—Ñ–µ"", ""–∫—É–ø–∏—Ç—å"", ""–µ–¥–∞"", ""—Ç—É—Ä–∏–∑–º"", ""–ø–æ–∫—É–ø–∫–∏ –≤—ã–≥–æ–¥–Ω—ã–µ"", ""—É—é—Ç–Ω—ã–π –≤–ª–æ–≥"", ""–ø–ª—é—Å—Å–∞–π–∑ –æ–±—Ä–∞–∑—ã"", ""–æ–¥–µ–∂–¥–∞ –±–æ–ª—å—à–∏—Ö —Ä–∞–∑–º–µ—Ä–æ–≤"", ""–æ—Ç–¥—ã—Ö –≤ —Ç—É—Ä—Ü–∏–∏"", ""–æ—Ç–¥—ã—Ö"", ""–∞–∫—Ü–∏–∏"", ""—à–æ–ø–∏–Ω–≥ –∏ –æ–±–∑–æ—Ä—ã"", ""–µ–∂–µ–¥–Ω–µ–≤–Ω—ã–µ –≤–ª–æ–≥–∏""]",34597,741.5207409895046,0,1524,2025-11-11T13:58:53Z,22,0,People & Blogs,[],[],"[""plus size"", ""–∞–∫—Ü–∏–∏"", ""–±—É–¥–Ω–∏"", ""–≤–ª–æ–≥"", ""–≤–ª–æ–≥ –æ –ø—É—Ç–µ—à–µ—Å—Ç–≤–∏—è—Ö"", ""–µ–¥–∞"", ""–µ–∂–µ–¥–Ω–µ–≤–Ω—ã–µ –≤–ª–æ–≥–∏"", ""–∫–∞—Ñ–µ"", ""–∫—É–ø–∏—Ç—å"", ""–ªe–Ω–∞ life"", ""–ª–∞–π—Ñ—Å—Ç–∞–π–ª"", ""–ª–∞–π—Ñ—Å—Ç–∞–π–ª –±–ª–æ–≥"", ""–ª–∞–π—Ñ—Å—Ç–∞–π–ª –≤–ª–æ–≥"", ""–ª–µ–Ω–∞ laif"", ""–ª–µ–Ω–∞ life"", ""–ª–µ–Ω–∞ life –æ–±–∑–æ—Ä—ã"", ""–ª–µ–Ω–∞ –≤–ª–æ–≥"", ""–ª–µ–Ω–∞ –∏ –≤–∞–Ω—è"", ""–ª–µ–Ω–∞ –∏ –≤–∞–Ω—è life"", ""–ª–µ–Ω–∞ –∏ –≤–∞–Ω—è –≤–ª–æ–≥"", ""–ª–µ–Ω–∞ –ª–∞–π—Ñ"", ""–ª–µ–Ω–∞ –ª–∞–π—Ñ –æ–±–∑–æ—Ä—ã"", ""–ª–µ–Ω–∞ –ø–ª—é—Å –≤–∞–Ω—è"", ""–æ–¥–µ–∂–¥–∞ –±–æ–ª—å—à–∏—Ö —Ä–∞–∑–º–µ—Ä–æ–≤"", ""–æ—Ç–¥—ã—Ö"", ""–æ—Ç–¥—ã—Ö –≤ —Ç—É—Ä—Ü–∏–∏"", ""–ø–ª—é—Å —Å–∞–π–∑"", ""–ø–ª—é—Å—Å–∞–π–∑ –æ–±—Ä–∞–∑—ã"", ""–ø–æ–∫—É–ø–∫–∏"", ""–ø–æ–∫—É–ø–∫–∏ –≤—ã–≥–æ–¥–Ω—ã–µ"", ""–ø—É—Ç–µ—à–µ—Å—Ç–≤–∏–µ"", ""–ø—É—Ç–µ—à–µ—Å—Ç–≤–∏—è"", ""—Ç—É—Ä–∏–∑–º"", ""—É—é—Ç–Ω—ã–π –≤–ª–æ–≥"", ""—Ü–µ–Ω—ã"", ""—à–æ–ø–∏–Ω–≥"", ""—à–æ–ø–∏–Ω–≥ –∏ –æ–±–∑–æ—Ä—ã"", ""—à–æ–ø–ø–∏–Ω–≥""]",[]
voA4NW0BBRc,–í–æ–ø—Ä–æ—Å-–û—Ç–≤–µ—Ç: –ü—Ä–æ –ö—Ä–∏–∑–∏—Å—ã —Å –ú—É–∂–µ–º // –ò–Ω—Ñ–æ—Ä–º–∞—Ü–∏–æ–Ω–Ω—ã–π –®—É–º // –†–∞–±–æ—Ç—É —Å–æ –°—Ç–∏–ª–∏—Å—Ç–æ–º,"‚Ä£ –ú–æ–π —Ç–µ–ª–µ–≥—Ä–∞–º-–∫–∞–Ω–∞–ª: https://t.me/posnovaalexandra
‚Ä£ –ú–æ–π –∏–Ω—Å—Ç–∞–≥—Ä–∞–º: https://www.instagram.com/alexandraposnova/ 

‚Ä£ –°–æ—Ç—Ä—É–¥–Ω–∏—á–µ—Å—Ç–≤–æ: alexandra.posnova@gmail.com 
 
‚Ä£ –í–ª–æ–≥–∏: https://clck.ru/JXpQ4
‚Ä£ –ü—Ä–æ –∫–≤–∞—Ä—Ç–∏—Ä—É –∏ –ø–µ—Ä–µ–µ–∑–¥: https://clck.ru/33Q3uN
‚Ä£ –ü—Ä–æ—à–ª–∞—è –±–µ—Ä–µ–º–µ–Ω–Ω–æ—Å—Ç—å: https://clck.ru/339MGX
‚Ä£ –ü—Ä–æ –∑–∞–º–µ—Ä—à—É—é –±–µ—Ä–µ–º–µ–Ω–Ω–æ—Å—Ç—å: https://clck.ru/339MTh
‚Ä£ –ú–∞–∫–∏—è–∂–∏: https://clck.ru/atujw

0:00 –ü—Ä–µ–≤—å—é
1:30  –ë—ã–ª–∞ –ª–∏ —É –º–µ–Ω—è —Ç—Ä–µ–≤–æ–≥–∞, —Å–≤—è–∑–∞–Ω–Ω–∞—è —Å –∏–Ω—Ñ–æ—Ä–º–∞—Ü–∏–æ–Ω–Ω—ã–º —à—É–º–æ–º?
5:09 –ö–∞–∫ –¥–æ–ª–≥–æ —è –º–æ–≥—É –±—ã—Ç—å —É–≤–ª–µ—á–µ–Ω–∞ –æ–¥–Ω–∏–º —Ö–æ–±–±–∏?
8:14 –ü—Ä–æ –Ω–∞—à –æ—Ç–µ–ª—å –≤ –¢—É—Ä—Ü–∏–∏?
10:10 –ë—ã–ª –ª–∏ —É –Ω–∞—Å —Å –î–µ–Ω–∏—Å–æ–º –∫—Ä–∏–∑–∏—Å? –ö–∞–∫ –º—ã —Å–ø—Ä–∞–≤–ª—è–ª–∏—Å—å?
15:48 –ö–∞–∫ —è —Å–æ–±–∏—Ä–∞—é —Å–≤–æ–π –≥–∞—Ä–¥–µ—Ä–æ–±?
18:56 –†–∞–±–æ—Ç–∞—é –ª–∏ —è —Å–æ —Å—Ç–∏–ª–∏—Å—Ç–æ–º?
19:47 –ö–∞–∫ –º—ã –ø–ª–∞–Ω–∏—Ä—É–µ–º –ø—É—Ç–µ—à–µ—Å—Ç–≤–∏—è? –ï—Å—Ç—å –ª–∏ —É –Ω–∞—Å –¥–æ–ª–≥–æ—Å—Ä–æ—á–Ω—ã–π –ø–ª–∞–Ω?
21:04 –ü—É—Ç–µ—à–µ—Å—Ç–≤–∏—è —Å –¥–µ—Ç—å–º–∏ 
23:42 –ú–æ—ë –æ—Ç–Ω–æ—à–µ–Ω–∏–µ –∫ –≥–æ—Ä—è—á–µ–π –π–æ–≥–µ
25:12 –ö–∞–∫ –Ω–∞—É—á–∏—Ç—å –¥–µ—Ç–µ–π –ø–∏—Ç–∞—Ç—å—Å—è –ø–æ–ª–µ–∑–Ω–æ, –∞ –Ω–µ –≤—Ä–µ–¥–Ω–æ?
30:20 –ù–∞—à–µ –≤–∑–∞–∏–º–æ–¥–µ–π—Å—Ç–≤–∏–µ —Å —Å–∞–¥–∏–∫–æ–º –Ω–∞ —Å—á—ë—Ç –ø–∏—Ç–∞–Ω–∏—è

#–≤–æ–ø—Ä–æ—Å–æ—Ç–≤–µ—Ç #–∫—Ä–∏–∑–∏—Å—Å–º—É–∂–µ–º #–∫—Ä–∏–∑–∏—Å–≤–æ—Ç–Ω–æ—à–µ–Ω–∏—è—Ö #–≤–æ—Å–ø–∏—Ç–∞–Ω–∏–µ–¥–µ—Ç–µ–π #–∞–ª–µ–∫—Å–∞–Ω–¥—Ä–∞–ø–æ—Å–Ω–æ–≤–∞–≤–æ–ø—Ä–æ—Å–æ—Ç–≤–µ—Ç #–∏–Ω—Ñ–æ—Ä–º–∞—Ü–∏–æ–Ω–Ω—ã–π—à—É–º #–¥–µ–ø—Ä–µ—Å—Å–∏—è #—Å—Ç–∏–ª–∏—Å—Ç #—Ä–∞–±–æ—Ç–∞—Å–æ—Å—Ç–∏–ª–∏—Å—Ç–æ–º

*Instagram ‚Äî –ø—Ä–∏–Ω–∞–¥–ª–µ–∂–∏—Ç –∞–º–µ—Ä–∏–∫–∞–Ω—Å–∫–æ–π –∫–æ–º–ø–∞–Ω–∏–∏ Meta, –∫–æ—Ç–æ—Ä—É—é –ø—Ä–∏–∑–Ω–∞–ª–∏ —ç–∫—Å—Ç—Ä–µ–º–∏—Å—Ç—Å–∫–æ–π, –∑–∞–ø—Ä–µ—â—ë–Ω –Ω–∞ —Ç–µ—Ä—Ä–∏—Ç–æ—Ä–∏–∏ –†–§

Production Music courtesy of Epidemic Sound",Alexandra Posnova,"[""–≤–æ–ø—Ä–æ—Å –æ—Ç–≤–µ—Ç"", ""–∏–Ω—Ñ–æ—Ä–º–∞—Ü–∏–æ–Ω–Ω—ã–π —à—É–º"", ""–∫—Ä–∏–∑–∏—Å —Å –º—É–∂–µ–º"", ""–∫—Ä–∏–∑–∏—Å –≤ –æ—Ç–Ω–æ—à–µ–Ω–∏—è—Ö"", ""—Ä–∞–Ω–Ω–µ–µ –∑–∞–º—É–∂–µ—Å—Ç–≤–æ"", ""–≤–æ—Å–ø–∏—Ç–∞–Ω–∏–µ –¥–µ—Ç–µ–π"", ""–¥–µ–ø—Ä–µ—Å—Å–∏—è"", ""—Ö–æ–±–±–∏"", ""–º–∞—Ç–µ—Ä–∏–Ω—Å—Ç–≤–æ"", ""–ø–æ—Å–Ω–æ–≤–∞ —Å–∞—à–∞"", ""–∞–ª–µ–∫—Å–∞–Ω–¥—Ä–∞ –ø–æ—Å–Ω–æ–≤–∞""]",102002,603.7759394352528,0,1977,2025-11-06T11:41:53Z,22,0,People & Blogs,"[""–∫—Ä–∏–∑–∏—Å–≤–æ—Ç–Ω–æ—à–µ–Ω–∏—è—Ö"", ""–∏–Ω—Ñ–æ—Ä–º–∞—Ü–∏–æ–Ω–Ω—ã–π—à—É–º"", ""–∞–ª–µ–∫—Å–∞–Ω–¥—Ä–∞–ø–æ—Å–Ω–æ–≤–∞–≤–æ–ø—Ä–æ—Å–æ—Ç–≤–µ—Ç"", ""–≤–æ–ø—Ä–æ—Å–æ—Ç–≤–µ—Ç"", ""—Ä–∞–±–æ—Ç–∞—Å–æ—Å—Ç–∏–ª–∏—Å—Ç–æ–º"", ""–¥–µ–ø—Ä–µ—Å—Å–∏—è"", ""–∫—Ä–∏–∑–∏—Å—Å–º—É–∂–µ–º"", ""—Å—Ç–∏–ª–∏—Å—Ç"", ""–≤–æ—Å–ø–∏—Ç–∞–Ω–∏–µ–¥–µ—Ç–µ–π""]","[""–¥–µ–ø—Ä–µ—Å—Å–∏—è""]","[""–∞–ª–µ–∫—Å–∞–Ω–¥—Ä–∞ –ø–æ—Å–Ω–æ–≤–∞"", ""–≤–æ–ø—Ä–æ—Å –æ—Ç–≤–µ—Ç"", ""–≤–æ—Å–ø–∏—Ç–∞–Ω–∏–µ –¥–µ—Ç–µ–π"", ""–∏–Ω—Ñ–æ—Ä–º–∞—Ü–∏–æ–Ω–Ω—ã–π —à—É–º"", ""–∫—Ä–∏–∑–∏—Å –≤ –æ—Ç–Ω–æ—à–µ–Ω–∏—è—Ö"", ""–∫—Ä–∏–∑–∏—Å —Å –º—É–∂–µ–º"", ""–º–∞—Ç–µ—Ä–∏–Ω—Å—Ç–≤–æ"", ""–ø–æ—Å–Ω–æ–≤–∞ —Å–∞—à–∞"", ""—Ä–∞–Ω–Ω–µ–µ –∑–∞–º—É–∂–µ—Å—Ç–≤–æ"", ""—Ö–æ–±–±–∏""]","[""–∞–ª–µ–∫—Å–∞–Ω–¥—Ä–∞–ø–æ—Å–Ω–æ–≤–∞–≤–æ–ø—Ä–æ—Å–æ—Ç–≤–µ—Ç"", ""–≤–æ–ø—Ä–æ—Å–æ—Ç–≤–µ—Ç"", ""–≤–æ—Å–ø–∏—Ç–∞–Ω–∏–µ–¥–µ—Ç–µ–π"", ""–∏–Ω—Ñ–æ—Ä–º–∞—Ü–∏–æ–Ω–Ω—ã–π—à—É–º"", ""–∫—Ä–∏–∑–∏—Å–≤–æ—Ç–Ω–æ—à–µ–Ω–∏—è—Ö"", ""–∫—Ä–∏–∑–∏—Å—Å–º—É–∂–µ–º"", ""—Ä–∞–±–æ—Ç–∞—Å–æ—Å—Ç–∏–ª–∏—Å—Ç–æ–º"", ""—Å—Ç–∏–ª–∏—Å—Ç""]"
JM0w213_qYU,–ö–∞–∫ –ø—Ä–æ—à–µ–ª —Ç–∞–π—Ñ—É–Ω | –¢–µ–¥–¥–∏ –∑–∞–±–æ–ª–µ–ª | –ù–∞—á–∏–Ω–∞–µ–º –¥–µ–ª–∞—Ç—å –Ω–∞–≤–µ—Å —É –¥–æ–º–∏–∫–∞ | –ñ–∏–∑–Ω—å –≤ –¥–µ—Ä–µ–≤–Ω–µ ,"–í—Å–µ–º –ø—Ä–∏–≤–µ—Ç! –í–æ—Ç –∫–∞–Ω–∞–ª –î–∏–º—ã –∏ –ê–Ω–∏ https://youtube.com/@Dima_anya?si=_UCeK_gxOpWlqsHU
–î–ª—è —Ç–µ—Ö –∫—Ç–æ —Ö–æ—á–µ—Ç –ø–æ–º–æ—á—å –≤ —Ä–∞–∑–≤–∏—Ç–∏–∏ –∫–∞–Ω–∞–ª–∞:
–î–æ–Ω–∞—Ç    https://www.donationalerts.com/r/myjivan
–ü–æ –≤–æ–ø—Ä–æ—Å–∞–º —Å–æ—Ç—Ä—É–¥–Ω–∏—á–µ—Å—Ç–≤–∞ : barbosebasos@gmail.com

–ú—ã, –æ—Ç–µ—Ü –∏ —Å—ã–Ω, –ø—Ä–æ–¥–∞–ª–∏ –≤—Å—ë –∏–º—É—â–µ—Å—Ç–≤–æ –∏ —É–µ—Ö–∞–ª–∏ –∂–∏—Ç—å –≤ –¥—Ä—É–≥—É—é —Å—Ç—Ä–∞–Ω—É. –¢—É—Ç —Å—ã–Ω –∂–µ–Ω–∏–ª—Å—è –Ω–∞ —Ñ–∏–ª–∏–ø–ø–∏–Ω–∫–µ –ú—É–º–∞–π –∏ —Ç–µ–ø–µ—Ä—å –º—ã –ø–æ–∫–∞–∑—ã–≤–∞–µ–º –∂–∏–∑–Ω—å –Ω–∞—à–µ–π –∏–Ω—Ç–µ—Ä–Ω–∞—Ü–∏–æ–Ω–∞–ª—å–Ω–æ–π —Å–µ–º—å–∏ –ù–∞—à –±–ª–æ–≥ –æ –≤–∑–∞–∏–º–æ–æ—Ç–Ω–æ—à–µ–Ω–∏—è—Ö –æ—Ç—Ü–∞ , —Å—ã–Ω–∞ –∏ –Ω–µ–≤–µ—Å—Ç–∫–∏, –∞ —Ç–∞–∫–∂–µ —Å –º–Ω–æ–≥–æ—á–∏—Å–ª–µ–Ω–Ω—ã–º–∏ —Ñ–∏–ª–∏–ø–ø–∏–Ω—Å–∫–∏–º–∏ —Ä–æ–¥—Å—Ç–≤–µ–Ω–Ω–∏–∫–∞–º–∏. 
#–æ—Ç–µ—Ü–∏—Å—ã–Ω#–∂–∏–∑–Ω–µ–Ω–Ω—ã–µ–∏—Å—Ç–æ—Ä–∏–∏#—Å–µ–º—å—è#",–û—Ç–µ—Ü –∏ —Å—ã–Ω,"[""myjivan vlogs"", ""–æ—Ç–µ—Ü –∏ —Å—ã–Ω"", ""–ø—Ä–æ–¥–∞–ª–∏ –≤—Å—ë"", ""—É–µ—Ö–∞–ª–∏ –Ω–∞–≤—Å–µ–≥–¥–∞"", ""–∂–∏–∑–Ω–µ–Ω–Ω—ã–µ –∏—Å—Ç–æ—Ä–∏–∏"", ""—Å–µ–º—å—è"", ""–∂–µ–Ω–∞ –∞–∑–∏–∞—Ç–∫–∞"", ""—Å–µ–º–µ–π–Ω—ã–µ –æ—Ç–Ω–æ—à–µ–Ω–∏—è"", ""–∏–Ω—Ç–µ—Ä–Ω–∞—Ü–∏–æ–Ω–∞–ª—å–Ω–∞—è —Å–µ–º—å—è"", ""—Å—Ç—Ä–æ–∏–º —Å–≤–æ–∏–º–∏ —Ä—É–∫–∞–º–∏"", ""–¥–æ–º–∏–∫ –≤ –¥–µ—Ä–µ–≤–Ω–µ"", ""–∂–∏–∑–Ω—å –≤ –¥–µ—Ä–µ–≤–Ω–µ"", ""–¥–µ—Ä–µ–≤–µ–Ω—Å–∫–∞—è –∂–∏–∑–Ω—å""]",85197,708.8353613023718,0,2018,2025-11-08T12:26:43Z,22,0,People & Blogs,"[""–∂–∏–∑–Ω–µ–Ω–Ω—ã–µ–∏—Å—Ç–æ—Ä–∏–∏"", ""—Å–µ–º—å—è"", ""–æ—Ç–µ—Ü–∏—Å—ã–Ω""]","[""—Å–µ–º—å—è""]","[""myjivan vlogs"", ""–¥–µ—Ä–µ–≤–µ–Ω—Å–∫–∞—è –∂–∏–∑–Ω—å"", ""–¥–æ–º–∏–∫ –≤ –¥–µ—Ä–µ–≤–Ω–µ"", ""–∂–µ–Ω–∞ –∞–∑–∏–∞—Ç–∫–∞"", ""–∂–∏–∑–Ω–µ–Ω–Ω—ã–µ –∏—Å—Ç–æ—Ä–∏–∏"", ""–∂–∏–∑–Ω—å –≤ –¥–µ—Ä–µ–≤–Ω–µ"", ""–∏–Ω—Ç–µ—Ä–Ω–∞—Ü–∏–æ–Ω–∞–ª—å–Ω–∞—è —Å–µ–º—å—è"", ""–æ—Ç–µ—Ü –∏ —Å—ã–Ω"", ""–ø—Ä–æ–¥–∞–ª–∏ –≤—Å—ë"", ""—Å–µ–º–µ–π–Ω—ã–µ –æ—Ç–Ω–æ—à–µ–Ω–∏—è"", ""—Å—Ç—Ä–æ–∏–º —Å–≤–æ–∏–º–∏ —Ä—É–∫–∞–º–∏"", ""—É–µ—Ö–∞–ª–∏ –Ω–∞–≤—Å–µ–≥–¥–∞""]","[""–∂–∏–∑–Ω–µ–Ω–Ω—ã–µ–∏—Å—Ç–æ—Ä–∏–∏"", ""–æ—Ç–µ—Ü–∏—Å—ã–Ω""]"
mGTTv2w2yK4,ü§©–í–û–¢ –≠–¢–û –í–´–•–û–î–ù–´–ïüè†–ù–û–í–û–°–¢–ò –ò–ó –î–û–ú–ê‚ù§Ô∏è–ñ–î–Å–ú –ö–ê–ú–ò–ù,"–ú–∞–ª–µ–Ω—å–∫–∏–µ –¥–µ—Ç–∫–∏ –ª—é–±—è—Ç —Ç–µ–ø–ª–æ –∏ —É—é—Ç, –æ—Å–æ–±–µ–Ω–Ω–æ –ø–µ—Ä–µ–¥ —Å–Ω–æ–º! 
–ú–∞–º–∏–Ω–∞ –∑–∞–±–æ—Ç–∞ –∏ –≤–∫—É—Å–Ω–∞—è –∫–∞—à–∫–∞ –æ—Ç ¬´–§—Ä—É—Ç–æ–Ω—è–Ω—è¬ª –æ—Ç–ª–∏—á–Ω–æ–µ –∑–∞–≤–µ—Ä—à–µ–Ω–∏–µ –¥–Ω—è https://vk.cc/cR1dEF

–ü–æ–¥–ø–∏—Å—ã–≤–∞–π—Ç–µ—Å—å, —á—Ç–æ–±—ã –Ω–∞—Å –Ω–µ –ø–æ—Ç–µ—Ä—è—Ç—å: 
üå∑–ú–æ–π —Ç–µ–ª–µ–≥—Ä–∞–º–º   https://t.me/budnimnogodetochki
üå∑–Ø–Ω–¥–µ–∫—Å –î–∑–µ–Ω https://zen.yandex.ru/id/6154cc5e948543160edf54b2
üå∑–í–ö https://vk.com/club211278263
–ü–æ –≤–æ–ø—Ä–æ—Å–∞–º —Å–æ—Ç—Ä—É–¥–Ω–∏—á–µ—Å—Ç–≤–∞üëâ budnimnogomama@mail.ru –º–µ–Ω–µ–¥–∂–µ—Ä –ê–Ω–Ω–∞",–ë—É–¥–Ω–∏ –ú–Ω–æ–≥–æ–¥–µ—Ç–æ—á–∫–∏,[],96612,568.9831272860549,0,942,2025-11-06T10:50:26Z,22,0,People & Blogs,[],[],[],[]
mmwx3MbAGcs,—Å—Ç–∞–Ω–æ–≤–ª—é—Å—å –ü–û–ü–£–õ–Ø–†–ù–û–ô –í –ê–ú–ï–†–ò–ö–ï –∑–∞ –Ω–µ–¥–µ–ª—é...(—è –≤ —à–æ–∫–µ —Å —Ä–µ–∑—É–ª—å—Ç–∞—Ç–∞),"https://r.alter.ru/EGPBK ‚Äì –ø–æ –ø—Ä–æ–º–æ–∫–æ–¥—É FEDKO —Å–∫–∏–¥–∫–∞ 20% –Ω–∞ –ø–µ—Ä–≤—É—é —Å–µ—Å—Å–∏—é –≤ Alter üíö

___

–≤—Å–µ–º –ø—Ä–∏–≤–µ—Ç, —ç—Ç–æ –ù–∞—Å—Ç—è –§–µ–¥—å–∫–æ! –∏ –≤–æ—Ç —É–∂–µ —Ç—Ä–µ—Ç–∏–π –≥–æ–¥ —è –∂–∏–≤—É –≤ –ê–º–µ—Ä–∏–∫–µ, –∫—É–¥–∞ –ø–µ—Ä–µ–µ—Ö–∞–ª–∞ —Å –º–µ—á—Ç–æ–π —Å—Ç–∞—Ç—å –°–£–ü–ï–†-–ó–í–ï–ó–î–û–ô‚Ä¶–Ω–æ –≤—Ä–µ–º—è –∏–¥–µ—Ç, a –º–∏–ª–ª–∏–æ–Ω–∞ –ø–æ–¥–ø–∏—Å—á–∏–∫–∞ –∏ –∫–æ–Ω—Ç—Ä–∞–∫—Ç–∞ —Å –ì–æ–ª–ª–∏–≤—É–¥—Å–∫–∏–º–∏ –∞–≥–µ–Ω—Ç—Å—Ç–≤–∞–º–∏ –≤—Å–µ –µ—â–µ –Ω–µ—Ç! –Ω—É–∂–Ω–æ —ç—Ç–æ –∏—Å–ø—Ä–∞–≤–∏—Ç—å. 

–≤ —ç—Ç–æ–º –≤–∏–¥–µ–æ —è –±—É–¥—É —Ü–µ–ª—É—é –Ω–µ–¥–µ–ª—é –¥–µ–ª–∞—Ç—å –í–°–ï, —á—Ç–æ–±—ã —Å—Ç–∞—Ç—å –ø–æ–ø—É–ª—è—Ä–Ω–æ–π –≤ –ê–º–µ—Ä–∏–∫–µ! —Å–Ω–∏–º–∞—Ç—å –≤–∏–¥–æ—Å—ã –Ω–∞ –∞–Ω–≥–ª–∏–π—Å–∫–æ–º, —É—á–∞—Å—Ç–≤–æ–≤–∞—Ç—å –≤ –∫–∞—Å—Ç–∏–Ω–≥–∞—Ö, –ø—ã—Ç–∞—Ç—å—Å—è –ø—Ä–æ–±–∏—Ç—å—Å—è –Ω–∞ –¢–í‚Ä¶–ø–æ–ª—É—á–∏—Ç—Å—è –ª–∏ —É –º–µ–Ω—è? —É–∑–Ω–∞–µ—Ç–µ –≤ —ç—Ç–æ–º –≤–∏–¥–µ–æ!

–Ω–æ –≤–µ—Å–µ–ª–æ —Ç–æ—á–Ω–æ –±—É–¥–µ—Ç‚Ä¶.

–ø—Ä–∏—è—Ç–Ω–æ–≥–æ –ø—Ä–æ—Å–º–æ—Ç—Ä–∞ ü§ç

–æ—Å—Ç–∞–≤–ª—è—é —Å—Å—ã–ª–∫–∏ –Ω–∞ —Å–≤–æ–∏ —Å–æ—Ü–∏–∞–ª—å–Ω—ã–µ —Å–µ—Ç–∏, –≥–¥–µ –≤—ã –º–æ–∂–µ—Ç–µ –µ—â—ë –±–æ–ª—å—à–µ —Å–ª–µ–¥–∏—Ç—å –∑–∞ –º–æ–µ–π –∂–∏–∑–Ω—å—é –∏ –Ω–æ–≤—ã–º –∫–æ–Ω—Ç–µ–Ω—Ç–æ–º:

üìéTikTok: https://www.tiktok.com/@nfedkoo?is_from_webapp=1&sender_device=pc

üìé VK: https://vk.com/nfedkoo

üìé TG: https://t.me/nfedkoo",–Ω–∞—Å—Ç—è —Ñ–µ–¥—å–∫–æ ,"[""—Ç–∏–∫—Ç–æ–∫–µ—Ä—ã"", ""—Å–µ–ª–µ–±—Ä–∏—Ç–∏"", ""–ø–æ–ø—É–ª—è—Ä–Ω–æ—Å—Ç—å –≤ –∞–º–µ—Ä–∏–∫–µ"", ""–∫–∞–∫ —Å—Ç–∞—Ç—å –ø–æ–ø—É–ª—è—Ä–Ω—ã–º"", ""–∫–∞–∫ —Å—Ç–∞—Ç—å —Ç–∏–∫—Ç–æ–∫–µ—Ä–æ–º"", ""–∫–∞–∫ —Å—Ç–∞—Ç—å –±–ª–æ–≥–µ—Ä–æ–º"", ""–∫–∞–∫ –Ω–∞–±—Ä–∞—Ç—å –ø–æ–¥–ø–∏—Å—á–∏–∫–æ–≤"", ""–Ω–∞—Å—Ç—è —Ñ–µ–¥—å–∫–æ"", ""–∂–∏–∑–Ω—å –≤ –∞–º–µ—Ä–∏–∫–µ"", ""–∫–∞–∫ –ø–µ—Ä–µ–µ—Ö–∞—Ç—å –≤ –∞–º–µ—Ä–∏–∫—É"", ""–≤–ª–æ–≥"", ""–≤–ª–æ–≥ –∏–∑ –∞–º–µ—Ä–∏–∫–∏"", ""—Ç–∏–∫—Ç–æ–∫"", ""—Ç–∏–∫ —Ç–æ–∫"", ""–∞–º–µ—Ä–∏–∫–∞ –≤–ª–æ–≥"", ""—Å—à–∞ –≤–ª–æ–≥"", ""–∫–∞–∫ –Ω–∞–±—Ä–∞—Ç—å –ø–æ–¥–ø–∏—Å—á–∏–∫–æ–≤ –≤ —é—Ç—É–±–µ"", ""–∫–∞–∫ —Å—Ç–∞—Ç—å –∞–∫—Ç—Ä–∏—Å–æ–π –≤ –∞–º–µ—Ä–∏–∫–µ""]",179680,754.2110314702732,0,2797,2025-11-03T14:24:09Z,22,0,People & Blogs,[],[],"[""–∞–º–µ—Ä–∏–∫–∞ –≤–ª–æ–≥"", ""–≤–ª–æ–≥"", ""–≤–ª–æ–≥ –∏–∑ –∞–º–µ—Ä–∏–∫–∏"", ""–∂–∏–∑–Ω—å –≤ –∞–º–µ—Ä–∏–∫–µ"", ""–∫–∞–∫ –Ω–∞–±—Ä–∞—Ç—å –ø–æ–¥–ø–∏—Å—á–∏–∫–æ–≤"", ""–∫–∞–∫ –Ω–∞–±—Ä–∞—Ç—å –ø–æ–¥–ø–∏—Å—á–∏–∫–æ–≤ –≤ —é—Ç—É–±–µ"", ""–∫–∞–∫ –ø–µ—Ä–µ–µ—Ö–∞—Ç—å –≤ –∞–º–µ—Ä–∏–∫—É"", ""–∫–∞–∫ —Å—Ç–∞—Ç—å –∞–∫—Ç—Ä–∏—Å–æ–π –≤ –∞–º–µ—Ä–∏–∫–µ"", ""–∫–∞–∫ —Å—Ç–∞—Ç—å –±–ª–æ–≥–µ—Ä–æ–º"", ""–∫–∞–∫ —Å—Ç–∞—Ç—å –ø–æ–ø—É–ª—è—Ä–Ω—ã–º"", ""–∫–∞–∫ —Å—Ç–∞—Ç—å —Ç–∏–∫—Ç–æ–∫–µ—Ä–æ–º"", ""–Ω–∞—Å—Ç—è —Ñ–µ–¥—å–∫–æ"", ""–ø–æ–ø—É–ª—è—Ä–Ω–æ—Å—Ç—å –≤ –∞–º–µ—Ä–∏–∫–µ"", ""—Å–µ–ª–µ–±—Ä–∏—Ç–∏"", ""—Å—à–∞ –≤–ª–æ–≥"", ""—Ç–∏–∫ —Ç–æ–∫"", ""—Ç–∏–∫—Ç–æ–∫"", ""—Ç–∏–∫—Ç–æ–∫–µ—Ä—ã""]",[]
zHpcg3EIpGc,–ê –í–´ –î–ï–õ–ê–ï–¢–ï –≠–¢–ò –û–®–ò–ë–ö–ò? #–±—É–∫—Ç–æ–∫ #–∫–Ω–∏–≥–∏ #–ª–∏—Ç–µ—Ä–∞—Ç—É—Ä–∞ #—Ä—É—Å—Å–∫–∞—è–ª–∏—Ç–µ—Ä–∞—Ç—É—Ä–∞ #—á—Ç–æ–ø–æ—á–∏—Ç–∞—Ç—å #—á—Ç–µ–Ω–∏–µ,"–ø—Ä–∏–≤–µ—Ç!  @tsoystar ‚Äî —ç—Ç–æ –±–ª–æ–≥ –ø—Ä–æ –Ω–∞–±–æ–∫–æ–≤–∞, –±–∏–±–ª–∏—é, –º–æ–∏ —Ä–æ–º–∞–Ω—ã –∏ –∂–∏–∑–Ω—å. —Å–ª–æ–∂–Ω–æ–µ –ø—Ä–æ—Å—Ç—ã–º–∏ —Å–ª–æ–≤–∞–º–∏. –º–µ–Ω—è –∑–æ–≤—É—Ç —Å–æ—Ñ–∏—è —Ü–æ–π, —è –∞—Ä—Ç-–¥–∏—Ä–µ–∫—Ç–æ—Ä, –±–ª–æ–≥–µ—Ä –∏ –∞–≤—Ç–æ—Ä —Ä–æ–º–∞–Ω–∞ ¬´—á–µ–ª–æ–≤–µ–∫ –∑–∞ –±–æ—Ä—Ç–æ–º¬ª. –æ—Å—Ç–∞–≤–∞–π—Å—è („Å• ·¥ó _·¥ó)„Å•‚ô°

–¥–ª—è —Ä–µ–∫–ª–∞–º—ã: tsoystar@mediar.pro

–∏–Ω—Å—Ç: https://instagram.com/tsoystar (63k+)
—Ç–∏–∫—Ç–æ–∫: https://www.tiktok.com/@tsoystar  
—Ç–µ–ª–µ–≥—Ä–∞–º: https://t.me/tsoystar
–º–æ–π —Å–∞–π—Ç: https://ligakompasa.ru/

#–±—É–∫—Ç–æ–∫ #–∫–Ω–∏–≥–∏ #—á—Ç–æ–ø–æ—á–∏—Ç–∞—Ç—å #–ª–∏—Ç–µ—Ä–∞—Ç—É—Ä–∞ #—Ä—É—Å—Å–∫–∞—è–ª–∏—Ç–µ—Ä–∞—Ç—É—Ä–∞ #–∫–Ω–∏–∂–Ω—ã–π–±–ª–æ–≥ #–ø–∏—Å–∞—Ç–µ–ª—å #—á—Ç–µ–Ω–∏–µ #booktok #books #booksummary #bookshelf #—Å–æ—Ñ–∏—è—Ü–æ–π #—á–µ–ª–æ–≤–µ–∫–∑–∞–±–æ—Ä—Ç–æ–º #–ª–∏–≥–∞–∫–æ–º–ø–∞—Å–∞ —Ñ–æ–Ω–µ—Ç–∏—á–µ—Å–∫–∏–µ –æ—à–∏–±–∫–∏ –≤ –∏–º–µ–Ω–∞—Ö –∫–ª–∞—Å—Å–∏–∫–æ–≤

ùüèùüè:ùüèùüè",—Å–æ—Ñ–∏—è —Ü–æ–π,"[""–±—É–∫—Ç–æ–∫"", ""–∫–Ω–∏–∂–Ω—ã–π —Ç–∏–∫—Ç–æ–∫"", ""–ª–∏—Ç–µ—Ä–∞—Ç—É—Ä–∞"", ""—á—Ç–æ –ø–æ—á–∏—Ç–∞—Ç—å"", ""—á—Ç–µ–Ω–∏–µ"", ""–ø–∏—Å–∞—Ç–µ–ª—å"", ""–∞–≤—Ç–æ—Ä"", ""—Ä—É—Å—Å–∫–∞—è –ª–∏—Ç–µ—Ä–∞—Ç—É—Ä–∞"", ""—Ä—É—Å—Å–∫–∞—è –∫–ª–∞—Å—Å–∏–∫–∞"", ""–∫–Ω–∏–∂–Ω—ã–π —á–µ—Ä–≤—å"", ""–Ω–∞–±–æ–∫–æ–≤""]",70115,325.5536881139898,0,81,2025-11-04T13:16:00Z,22,0,People & Blogs,"[""—Å–æ—Ñ–∏—è—Ü–æ–π"", ""—á—Ç–æ–ø–æ—á–∏—Ç–∞—Ç—å"", ""—á—Ç–µ–Ω–∏–µ"", ""–±—É–∫—Ç–æ–∫"", ""bookshelf"", ""–ª–∏–≥–∞–∫–æ–º–ø–∞—Å–∞"", ""books"", ""–∫–Ω–∏–≥–∏"", ""—Ä—É—Å—Å–∫–∞—è–ª–∏—Ç–µ—Ä–∞—Ç—É—Ä–∞"", ""–∫–Ω–∏–∂–Ω—ã–π–±–ª–æ–≥"", ""–ø–∏—Å–∞—Ç–µ–ª—å"", ""booktok"", ""booksummary"", ""—á–µ–ª–æ–≤–µ–∫–∑–∞–±–æ—Ä—Ç–æ–º"", ""–ª–∏—Ç–µ—Ä–∞—Ç—É—Ä–∞""]","[""–±—É–∫—Ç–æ–∫"", ""–ª–∏—Ç–µ—Ä–∞—Ç—É—Ä–∞"", ""–ø–∏—Å–∞—Ç–µ–ª—å"", ""—á—Ç–µ–Ω–∏–µ""]","[""–∞–≤—Ç–æ—Ä"", ""–∫–Ω–∏–∂–Ω—ã–π —Ç–∏–∫—Ç–æ–∫"", ""–∫–Ω–∏–∂–Ω—ã–π —á–µ—Ä–≤—å"", ""–Ω–∞–±–æ–∫–æ–≤"", ""—Ä—É—Å—Å–∫–∞—è –∫–ª–∞—Å—Å–∏–∫–∞"", ""—Ä—É—Å—Å–∫–∞—è –ª–∏—Ç–µ—Ä–∞—Ç—É—Ä–∞"", ""—á—Ç–æ –ø–æ—á–∏—Ç–∞—Ç—å""]","[""books"", ""bookshelf"", ""booksummary"", ""booktok"", ""–∫–Ω–∏–≥–∏"", ""–∫–Ω–∏–∂–Ω—ã–π–±–ª–æ–≥"", ""–ª–∏–≥–∞–∫–æ–º–ø–∞—Å–∞"", ""—Ä—É—Å—Å–∫–∞—è–ª–∏—Ç–µ—Ä–∞—Ç—É—Ä–∞"", ""—Å–æ—Ñ–∏—è—Ü–æ–π"", ""—á–µ–ª–æ–≤–µ–∫–∑–∞–±–æ—Ä—Ç–æ–º"", ""—á—Ç–æ–ø–æ—á–∏—Ç–∞—Ç—å""]"
ZieWuKLFcq4,"–†–æ–∂–¥–µ–Ω–∏–µ –≤—Ç–æ—Ä–æ–≥–æ —Å—ã–Ω–∞, –¥–æ–º–∞—à–Ω—è—è —Ä—É—Ç–∏–Ω–∞ –≤ –¥–µ–∫—Ä–µ—Ç–µ, –≤–µ—á–µ—Ä–∏–Ω–∫–∞ –°–æ–±—á–∞–∫ –≤ —Å—Ç–∏–ª–µ 2000—Ö, —à–æ—É Ushatava","–î–æ 30 –Ω–æ—è–±—Ä—è –¥–µ–π—Å—Ç–≤—É–µ—Ç –ø—Ä–æ–º–æ–∫–æ–¥ –ö–û–î–ê–õ–ò10 –Ω–∞ –¥–æ–ø.—Å–∫–∏–¥–∫—É 10% –Ω–∞ –≤—Å–µ –ø—Ä–æ–¥—É–∫—Ç—ã CAUDALIE –≤ ¬´–ó–æ–ª–æ—Ç–æ–º –Ø–±–ª–æ–∫–µ¬ª 
https://goldapple.ru/brands/caudalie?utm_source=youtube&utm_medium=social&utm_campaign=ru_partners_ag_caudalie_bloggers_mariecher11_rvl10.25

–ê—Ä–æ–º–∞—Ç—ã STEREOTYPE –≤ –ó–æ–ª–æ—Ç–æ–º –Ø–±–ª–æ–∫–µ https://goldapple.onelink.me/jLXC/mkskn3xp

–í —ç—Ç–æ–º –≤–∏–¥–µ–æ —è –ø–æ–∫–∞–∑–∞–ª–∞ —Å–∫—Ä–æ–º–Ω—É—é —á–∞—Å—Ç—å —Å–≤–æ–∏—Ö —Ä–æ–¥–æ–≤, –ø–æ—è–≤–ª–µ–Ω–∏–µ –Ω–∞ —Å–≤–µ—Ç –ü–µ—Ç—Ä–∞, –∑–Ω–∞–∫–æ–º—Å—Ç–≤–æ –°–∞–≤–≤—ã —Å –Ω–æ–≤—ã–º –±—Ä–∞—Ç–∏–∫–æ–º, –∞ —Ç–∞–∫–∂–µ —Ñ—Ä–∞–≥–º–µ–Ω—Ç—ã –¥–µ–∫—Ä–µ—Ç–Ω–æ–π —Ä—É—Ç–∏–Ω—ã, –∫–æ—Ç–æ—Ä–∞—è —Å–æ–≤–µ—Ä—à–µ–Ω–Ω–∞ –Ω–µ –ø–æ—Ö–æ–∂–∞ –Ω–∞ –º–æ—é –∂–∏–∑–Ω—å –ø–∞—Ä—É –ª–µ—Ç –Ω–∞–∑–∞–¥.
–ê —Ç–∞–∫–∂–µ –¥—Ä–µ—Å—Å–∏–Ω–≥ –∏ —à–æ—É Ushatava, –≤—ã—Å—Ç—É–ø–ª–µ–Ω–∏–µ –Ω–∞ –∫—Ä—É–ø–Ω–æ–º —Ñ–æ—Ä—É–º–µ –≤ —Å—Ñ–µ—Ä–µ –∫—É–ª—å—Ç—É—Ä—ã –∏ —Ü–∏—Ñ—Ä–æ–≤–∏–∑–∞—Ü–∏–∏ –∏ –±–æ–ª—å—à–∞—è –≥–ª–∞–º—É—Ä–Ω–∞—è –≤–µ—á–µ—Ä–∏–Ω–∫–∞ –ö—Å–µ–Ω–∏–∏ –°–æ–±—á–∞–∫ –≤ —Å—Ç–∏–ª–µ –Ω—É–ª–µ–≤—ã—Ö.

–ü—Ä–∏—è—Ç–Ω–æ–≥–æ –ø—Ä–æ—Å–º–æ—Ç—Ä–∞!

Contact me:
IG: mariecher
*–∑–∞–ø—Ä–µ—â–µ–Ω–Ω–∞—è —Å–æ—Ü–∏–∞–ª—å–Ω–∞—è —Å–µ—Ç—å –≤ –†–§
TG: mariedoesntjudje 
Mail: me@marie-cher.com",MARIECHER,[],47663,427.76332398083764,0,2183,2025-11-08T21:12:52Z,22,0,People & Blogs,[],[],[],[]
8ml71v0_WJE,"–ö—Ä–∏–∑–∏—Å –≤ –æ—Ç–Ω–æ—à–µ–Ω–∏—è—Ö, –±–µ—Ä–µ–º–µ–Ω–Ω–æ—Å—Ç—å, –±–ª–æ–≥–≥–µ—Ä—Å—Ç–≤–æ –∏ —Ç–∏–∫—Ç–æ–∫ —Ö–∞—É—Å / GET READY WITH US/ –ê–ª—è –ï–Ω–∏–∫–µ–µ–≤–∞","–ì–µ–ª—å –¥–ª—è –∫–æ–∂–∏ –≤–æ–∫—Ä—É–≥ –≥–ª–∞–∑ open eye roll-gell THE U https://ozon.onelink.me/SNMZ/q40i4ybb
–ü–æ –ø—Ä–æ–º–æ–∫–æ–¥—É NIKKISEEY –±—É–¥–µ—Ç —Å–∫–∏–¥–∫–∞ -10% –Ω–∞ –æ–∑–æ–Ω –Ω–∞ –≤—Å—é –ª–∏–Ω–µ–π–∫—É –±—Ä–µ–Ω–¥–∞ THE U (–¥–µ–π—Å—Ç–≤—É–µ—Ç –ø–æ 17.11)

–ü—Ä–∏–≤–µ—Ç! –ú–µ–Ω—è –∑–æ–≤—É—Ç NIKKI SEEY, –∏ —ç—Ç–æ –Ω–æ–≤—ã–π –≤—ã–ø—É—Å–∫ –º–æ–µ–π —Ä—É–±—Ä–∏–∫–∏ ¬´GET READY WITH US¬ª, –≤ –∫–æ—Ç–æ—Ä–æ–π –º—ã —Å –≥–æ—Å—Ç—è–º–∏ –æ–±—Å—É–∂–¥–∞–µ–º —Å–∞–º—ã–µ —è—Ä–∫–∏–µ –Ω–æ–≤–æ—Å—Ç–∏ –∏–∑ –∏—Ö –∂–∏–∑–Ω–∏, –ø–∞—Ä–∞–ª–ª–µ–ª—å–Ω–æ –ø–æ–∫–∞–∑—ã–≤–∞—è –Ω–∞—à –º–∞–∫–∏—è–∂.
–°–µ–≥–æ–¥–Ω—è —É –º–µ–Ω—è –≤ –≥–æ—Å—Ç—è—Ö –∑–∞–º–µ—á–∞—Ç–µ–ª—å–Ω–∞—è –ê–ª—è –ï–Ω–∏–∫–µ–µ–≤–∞, –∫–æ—Ç–æ—Ä–∞—è –ø–æ–¥–µ–ª–∏–ª–∞—Å—å –ø–æ–¥—Ä–æ–±–Ω–æ—Å—Ç—è–º–∏ –æ—Ç–Ω–æ—à–µ–Ω–∏–π —Å –≠–º–∏–ª–µ–º, –æ–ø—ã—Ç–æ–º —É—á–∞—Å—Ç–∏—è –≤ –¢–∏–∫–¢–æ–∫ –•–∞—É—Å–µ –∏ –≤—ã—Å–∫–∞–∑–∞–ª–∞—Å—å –æ —Ö–µ–π—Ç–µ –≤ —Å—Ç–æ—Ä–æ–Ω—É XO Team
–ü—Ä–∏—è—Ç–Ω–æ–≥–æ –ø—Ä–æ—Å–º–æ—Ç—Ä–∞! 

00:00 –ß—Ç–æ –±—É–¥–µ—Ç –≤ –≤—ã–ø—É—Å–∫–µ
00:24 –ó–Ω–∞–∫–æ–º—Å—Ç–≤–æ
02:15 –ö–∞–∫ –ê–ª—è —Å—Ç–∞–ª–∞ –±–ª–æ–≥–µ—Ä–æ–º? 
08:53 –ö–∞–∫ –ê–ª—è –∏ –ê–ª–∏—à–∞ –ø–æ–ø–∞–ª–∏ –≤ —Ç–∏–∫—Ç–æ–∫ —Ö–∞—É—Å—ã?
11:16 –ü–æ—á–µ–º—É –ê–ª—è –Ω–∞—á–∞–ª–∞ –∑–∞–±–æ—Ç–∏—Ç—å—Å—è –æ —Å–≤–æ–µ–π –≤–Ω–µ—à–Ω–æ—Å—Ç–∏?
12:47 –ò—Å—Ç–æ—Ä–∏—è –∑–Ω–∞–∫–æ–º—Å—Ç–≤–∞ –ê–ª–∏ –∏ –≠–º–∏–ª—è
17:27 –ö–∞–∫ –≠–º–∏–ª—å –Ω–µ –ø—Ä–∏–µ—Ö–∞–ª –Ω–∞ –ø–µ—Ä–≤–æ–µ —Å–≤–∏–¥–∞–Ω–∏–µ 
20:53 –ü–µ—Ä–≤–∞—è –≤—Å—Ç—Ä–µ—á–∞ –ê–ª–∏ –∏ –≠–º–∏–ª—è
23:11 –ö–∞–∫ –ê–ª—è –ø–æ–∫–∞–∑–∞–ª–∞ —Å–≤–æ–∏ —á—É–≤—Å—Ç–≤–∞?
25:55 –í –∫–∞–∫–∏–µ –∫–∞—á–µ—Å—Ç–≤–∞ –≠–º–∏–ª—è –≤–ª—é–±–∏–ª–∞—Å—å –ê–ª—è?
27:33 –ö–∞–∫ —Å–ª—É—á–∏–ª—Å—è –ø–µ—Ä–≤—ã–π –ø–æ—Ü–µ–ª—É–π? 
31:20 –ö–∞–∫ –ê–ª—è —É—à–ª–∞ –∏–∑ —Ç–∏–∫—Ç–æ–∫ —Ö–∞—É—Å–∞?
35:35 –ö–∞–∫ –ê–ª—è –æ—Ç–Ω–æ—Å–∏—Ç—Å—è –∫ —Ö–µ–π—Ç—É –Ω–∞ xo team?
36:35 –ü—Ä–æ —É—á–∞—Å—Ç–∏–µ –≤ —Ä–µ–∞–ª–∏—Ç–∏-—à–æ—É
39:01 –ü—Ä–æ –ø—É—Ç–µ—à–µ—Å—Ç–≤–∏–µ –≤ –ì–æ–Ω–∫–æ–Ω–≥
40:21 –ü—Ä–æ –∫—Ä–∏–∑–∏—Å –≤ –æ—Ç–Ω–æ—à–µ–Ω–∏—è—Ö
44:14 –ë—ã–ª–∞ –ª–∏ —Å–≤–∞–¥—å–±–∞?
44:55 –ü—Ä–æ –±–µ—Ä–µ–º–µ–Ω–Ω–æ—Å—Ç—å –ê–ª–∏
49:14 –ö–∞–∫ –ê–ª—è —Ä–∞—Å—Å–∫–∞–∑–∞–ª–∞ –≠–º–∏–ª—é –æ –±–µ—Ä–µ–º–µ–Ω–Ω–æ—Å—Ç–∏?
52:53 –ö–∞–∫ –∏–∑–º–µ–Ω–∏–ª–∞—Å—å –∂–∏–∑–Ω—å –ø–æ—Å–ª–µ —Ä–æ–∂–¥–µ–Ω–∏—è —Ä–µ–±–µ–Ω–∫–∞?
55:26 –ö–∞–∫ –ø—Ä–æ—à–ª–∞ –±–µ—Ä–µ–º–µ–Ω–Ω–æ—Å—Ç—å?
57:21 –ö–∞–∫ –ø—Ä–æ—à–ª–∏ —Ä–æ–¥—ã?
59:37 –î–∞–ª –ª–∏ —Ä–µ–±–µ–Ω–æ–∫ –¥–æ–ø–æ–ª–Ω–∏—Ç–µ–ª—å–Ω—É—é –º–æ—Ç–∏–≤–∞—Ü–∏—é —Ä–∞–±–æ—Ç–∞—Ç—å?
1:01:14 –ö–∞–∫–∏–µ –ø–ª–∞–Ω—ã –Ω–∞ –±—É–¥—É—â–µ–µ?
1:01:55 –î–µ–ª–∞–ª–∞ –ª–∏ –ê–ª—è —Å–µ–±–µ –ª–∏–ø–æ—Å–∞–∫—Ü–∏—é?
1:04:40 –ù–æ—Ä–º –∏–ª–∏ —Å—Ç—Ä–µ–º –æ—Ç–≤–µ—á–∞—Ç—å —Ö–µ–π—Ç–µ—Ä–∞–º –Ω–∞ –∫–æ–º–º–µ–Ω—Ç–∞—Ä–∏–∏?
1:04:55 –ù–æ—Ä–º –∏–ª–∏ —Å—Ç—Ä–µ–º –∑–∞–∫—Ä—ã–≤–∞—Ç—å –ª–∏—Ü–æ –Ω–æ–≤–æ—Ä–æ–∂–¥–µ–Ω–Ω–æ–π –¥–æ—á–∫–∏ —Ü–≤–µ—Ç–æ—á–∫–æ–º?
1:05:14 –ù–æ—Ä–º –∏–ª–∏ —Å—Ç—Ä–µ–º –≤—ã–∫–ª–∞–¥—ã–≤–∞—Ç—å –æ—Ç–∫—Ä–æ–≤–µ–Ω–Ω—ã–µ —Ñ–æ—Ç–æ –≤ –±—Ä–∞–∫–µ?
1:05:32 –ù–æ—Ä–º –∏–ª–∏ —Å—Ç—Ä–µ–º —Ä–µ–∫–ª–∞–º–∏—Ä–æ–≤–∞—Ç—å —Ç–æ, —á—Ç–æ —Ç–µ–±–µ —Å–∞–º–æ–π –Ω–µ –Ω—Ä–∞–≤–∏—Ç—Å—è?
1:06:58 –ù–æ—Ä–º –∏–ª–∏ —Å—Ç—Ä–µ–º –ø—Ä–æ–ø—É—Å–∫–∞—Ç—å –¥–Ω–∏ —Ä–æ–∂–¥–µ–Ω–∏—è —Ä–æ–¥–Ω—ã—Ö –∏–∑-–∑–∞ —Å—ä–µ–º–æ–∫?
1:07:13 –ù–æ—Ä–º –∏–ª–∏ —Å—Ç—Ä–µ–º –∫–æ–≥–¥–∞ –±–ª–æ–≥–µ—Ä—ã –≤—ã–ø—É—Å–∫–∞—é—Ç —Å–≤–æ–∏ –ø–µ—Å–Ω–∏, –Ω–æ –Ω–µ —É–º–µ—é—Ç –ø–µ—Ç—å?
1:08:21 –ù–æ—Ä–º –∏–ª–∏ —Å—Ç—Ä–µ–º –¥—Ä—É–∂–∏—Ç—å —Å –±—ã–≤—à–∏–º?
1:08:40 –ù–æ—Ä–º –∏–ª–∏ —Å—Ç—Ä–µ–º –µ—Å–ª–∏ –ø–∞—Ä–µ–Ω—å –Ω–µ –¥–µ–ª–∞–µ—Ç –ø—Ä–µ–¥–ª–æ–∂–µ–Ω–∏–µ —Å–ø—É—Å—Ç—è –¥–≤—É—Ö –ª–µ—Ç –æ—Ç–Ω–æ—à–µ–Ω–∏–π?
1:10:34 –ò—Ç–æ–≥–∏",NIKKI SEY,[],68784,415.286003859211,0,4475,2025-11-06T15:00:28Z,22,0,People & Blogs,[],[],[],[]
owtgqSn8vsA,–§–ò–ù–ê–õ–¨–ù–´–òÃÜ –û–ë–†–ê–ó –ù–ê –ì–ï–ù–î–ï–† –ü–ê–¢–ò | –ú–û–Æ –•–û–õ–û–î–ò–õ–¨–ù–ò–ö –ò –ë–û–õ–¢–ê–Æ | –ö–£–†–¨–ï–† –ü–û–î–°–¢–ê–í–ò–õ –ú–ï–ù–Ø,"–Ø –≤ Telegram : https://t.me/pushmanjulia
–Ø –≤ RUTUBE : https://rutube.ru/u/pushman
–Ø –≤ instagram: http://instagram.com/pusshman
–Ø –í –í–ö : https://vk.com/pushmanof

–°–æ—Ç—Ä—É–¥–Ω–∏—á–µ—Å—Ç–≤–æ: AD.Pushman@gmail.com
+7-919-779-11-98 –ö–∏—Ä–∏–ª–ª –°—ë–º–∏–Ω

0:00 –Ω–∞—á–∞–ª–æ –≤–∏–¥–µ–æ
0:26 –∏–¥—É –Ω–∞ —Ä–µ—Å–Ω–∏—Ü—ã –∏ –±—Ä–æ–≤–∏/ –ø—Ä–æ –∏–≥—Ä—ã
02:22 –æ –ø–ª–∞—Ç—å–µ/–≤–æ–∑–≤—Ä–∞—â–∞–µ–º?
03:57 —Å–º–µ—à–Ω–∞—è —Å–∏—Ç—É–∞—Ü–∏—è/–ø–ª–∞–Ω—ã –Ω–∞ –≤–µ—á–µ—Ä
13:06 –≤–µ—Ä–Ω—É–ª–∞—Å—å –¥–æ–º–æ–π/–≤–æ–∑–≤—Ä–∞—â–∞—é –ø–∞–ª—å—Ç–æ
15:27 –±–æ–ª–µ–µ–º —Å–µ–º—å–µ–π?/–≤–µ—Ä–Ω—É–ª–∞ –ø–∞–ª—å—Ç–æ?
17:49 –º–æ—é —Ö–æ–ª–æ–¥–∏–ª—å–Ω–∏–∫/–æ –≤–ª–æ–≥–∞—Ö
24:36 –æ –¥–æ—Å—Ç–∞–≤–∫–∞—Ö/ –æ –ø–ª–∞—Ç—å–µ
30:07 –æ –º–æ–µ–π –≤—ã–¥–µ—Ä–∂–∫–µ/–æ –∫–æ—à–∫–∞—Ö
38:03 —Å–∏—Ç—É–∞—Ü–∏—è –≤ —Å–∞–º–æ–ª–µ—Ç–µ/–º–Ω–µ–Ω–∏–µ
41:56 –Ω–æ–≤—ã–π –¥–µ–Ω—å/–ø—Ä–∏–º–µ—Ä–∫–∞ –æ–±—Ä–∞–∑–∞
52:28 –æ —Ç—Ä–∞—Ç–∞—Ö/–∑–∞–±—Ä–∞–ª–∞ –ê–Ω—é
56:43 –æ —Ä–∏–ª—Å–º–µ–π–∫–µ—Ä–µ/–≤–∏–∑–∞–∂–∏—Å—Ç–µ
58:21 –ø—Ä–∏–µ—Ö–∞–ª–∏ –¥–æ–º–æ–π/—É–∂–∏–Ω–∞–µ–º
01:00:57 –æ –æ–∂–∏–¥–∞–Ω–∏–∏ –≥–µ–Ω–¥–µ—Ä-–ø–∞—Ç–∏
01:01:40 –∫–æ–Ω–µ—Ü –≤–∏–¥–µ–æ",Julia Pushman,"[""—é–ª—è –ø—É—à–º–∞–Ω"", ""–∂–∏–≤–æ—Ç–Ω—ã–µ"", ""–ø—Ä–∏–∫–æ–ª—ã"", ""–∫–∏–Ω–æ"", ""–æ—Ç–Ω–æ—à–µ–Ω–∏—è"", ""–∏–Ω—Å—Ç–∞–≥—Ä–∞–º"", ""instagram"", ""—Ç–æ–ø —Ñ–∏–ª—å–º–æ–≤"", ""–º–æ–¥–∞"", ""—Å—Ç–∏–ª—å"", ""–ª—É–∫–∏"", ""–æ–±—Ä–∞–∑—ã"", ""—É—á–µ–±–∞"", ""–ø—Ä–∞–≤–∏–ª–∞"", ""–ø—É—Ç–µ—à–µ—Å—Ç–≤–∏—è"", ""–ø–æ–¥—Ä—É–≥–∏"", ""—Å–µ—Ä–∏–∞–ª—ã"", ""–º–∞–∫–∏—è–∂"", ""tiktok""]",54291,348.2563915927965,0,3704,2025-11-07T00:44:40Z,22,0,People & Blogs,[],[],"[""instagram"", ""tiktok"", ""–∂–∏–≤–æ—Ç–Ω—ã–µ"", ""–∏–Ω—Å—Ç–∞–≥—Ä–∞–º"", ""–∫–∏–Ω–æ"", ""–ª—É–∫–∏"", ""–º–∞–∫–∏—è–∂"", ""–º–æ–¥–∞"", ""–æ–±—Ä–∞–∑—ã"", ""–æ—Ç–Ω–æ—à–µ–Ω–∏—è"", ""–ø–æ–¥—Ä—É–≥–∏"", ""–ø—Ä–∞–≤–∏–ª–∞"", ""–ø—Ä–∏–∫–æ–ª—ã"", ""–ø—É—Ç–µ—à–µ—Å—Ç–≤–∏—è"", ""—Å–µ—Ä–∏–∞–ª—ã"", ""—Å—Ç–∏–ª—å"", ""—Ç–æ–ø —Ñ–∏–ª—å–º–æ–≤"", ""—É—á–µ–±–∞"", ""—é–ª—è –ø—É—à–º–∞–Ω""]",[]
Ct_wG2lgiuQ,–°–û–°–ï–î –ü–†–û–¢–ò–í –°–ù–û–°–ò–¢–¨ –î–û–ú. –ù–ï –ó–ù–ê–ï–ú –ß–¢–û –î–ï–õ–ê–¢–¨? ,"–ü—Ä–æ–º–æ–∫–æ–¥: 10DOMOZER

10% –Ω–∞ –≤—Å–µ (–æ—Ç 2500‚ÇΩ), —Å—É–º–º–∏—Ä—É–µ—Ç—Å—è —Å–æ –≤—Å–µ–º–∏ —Å–∫–∏–¥–∫–∞–º–∏ –∏ –∞–∫—Ü–∏—è–º–∏

Aroma Box –ù–∞–±–æ—Ä #55 –ê—Ä–æ–º–∞—Ç—ã —á–∏—Å—Ç–æ—Ç—ã ‚Äî https://s.randewoo.ru/47hxG5c
–ò–Ω—Ç–µ—Ä–Ω–µ—Ç –º–∞–≥–∞–∑–∏–Ω –ø–∞—Ä—Ñ—é–º–µ—Ä–∏–∏ –∏ –∫–æ—Å–º–µ—Ç–∏–∫–∏ Randewoo  ‚Äî https://s.randewoo.ru/48XRBHE

–ü—ã–ª–µ—Å–æ—Å –¥–ª—è –¥–æ–º–∞ KaringBee F203: https://goo.su/MTlATt
–ê—Ä—Ç (ozon): 2388616466 
üéÅ–ü—Ä–æ–º–æ–∫–æ–¥ –Ω–∞ —Å–∫–∏–¥–∫—É –¥–æ 2 000—Ä.: KRNGB5880321


–í—Å–µ –≤–∏–¥—ã –¶–∏–º—É—Å –º–æ–∂–Ω–æ –Ω–∞–π—Ç–∏ –Ω–∞ –ª—é–±–æ–º –º–∞—Ä–∫–µ—Ç–ø–ª–µ–π—Å–µ –ø–æ –∑–∞–ø—Ä–æ—Å—É ¬´–£–¥–æ–±—Ä–µ–Ω–∏—è –¶–∏–º—É—Å¬ª
–ö–æ–º–ø–ª–µ–∫—Ç —É–¥–æ–±—Ä–µ–Ω–∏–π –¶–∏–º—É—Å –¥–ª—è —Ä–∞—Å—Å–∞–¥—ã –Ω–∞ WB - https://clck.ru/3QAbHR
–ö–æ–º–ø–ª–µ–∫—Ç —É–¥–æ–±—Ä–µ–Ω–∏–π –¶–∏–º—É—Å –¥–ª—è —Ä–∞—Å—Å–∞–¥—ã –Ω–∞ OZON - https://golnk.ru/qwnJD


–†–µ–∫–ª–∞–º–∞. –û–û–û ""–¶–ò–ú–£–°"" –û–ì–†–ù: 1237700856898
–ê–¥—Ä–µ—Å: 108834, –≥. –ú–æ—Å–∫–≤–∞. erid: 2W5zFHPpEBr

–ù–∞—à–∏ —Å–æ—Ü—Å–µ—Ç–∏ 
–¢–µ–ª–µ–≥—Ä–∞–º–º - https://t.me/budnifedora
–ì—Ä—É–ø–ø–∞ BK https://vk.com/budnifedora 
 –û–¥–Ω–æ–∫–ª–∞—Å—Å–Ω–∏–∫–∏ - https://ok.ru/budnifedora
–î–∑–µ–Ω –∫–∞–Ω–∞–ª - https://dzen.ru/budnifedora 
–î–∑–µ–Ω –∫–∞–Ω–∞–ª –ù–∞—Ç–∞–ª—å–∏ - https://dzen.ru/id/5d8665898f011100b7d4a2f7 
–¢–µ–ª–µ–≥—Ä–∞–º–º –Ω–∞—à–∏ –ø–æ–∫—É–ø–∫–∏ https://t.me/poleznyesovety2

–Æ—Ç—É–± –∫–∞–Ω–∞–ª—ã - 
https://youtube.com/@budnifedora 
https://youtube.com/@domikuozera01, 
https://youtube.com/@semyanapozitive


–ü–æ –≤–æ–ø—Ä–æ—Å–∞–º —Ä–µ–∫–ª–∞–º—ã –∏ —Å–æ—Ç—Ä—É–¥–Ω–∏—á–µ—Å—Ç–≤–∞:
WhatsApp +79891639084 –∏–ª–∏ —Ç–µ–ª–µ–≥—Ä–∞–º–º @Nata_liyalife
Budnifedora@gmail.com
domikuozera01@gmail.com


#–î–æ–º–∞—à–Ω–∏–µ–í–ª–æ–≥–∏ #–°–µ–º–µ–π–Ω–∞—è–ñ–∏–∑–Ω—å #–ü–æ–≤—Å–µ–¥–Ω–µ–≤–Ω–∞—è–ñ–∏–∑–Ω—å #–î–æ–º–∞—à–Ω–∏–π–ë—ã—Ç #–ì–æ—Ç–æ–≤–∫–∞–î–æ–º–∞
 #–†–µ—Ü–µ–ø—Ç—ã–î–ª—è–ù–∞—á–∏–Ω–∞—é—â–∏—Ö #–ë—ã—Å—Ç—Ä—ã–µ–†–µ—Ü–µ–ø—Ç—ã #–ó–¥–æ—Ä–æ–≤–æ–µ–ü–∏—Ç–∞–Ω–∏–µ #–ö—É–ª–∏–Ω–∞—Ä–Ω—ã–µ–õ–∞–π—Ñ—Ö–∞–∫–∏ #–£–±–æ—Ä–∫–∞–°–æ–≤–µ—Ç—ã #–û—Ä–≥–∞–Ω–∏–∑–∞—Ü–∏—è–ü—Ä–æ—Å—Ç—Ä–∞–Ω—Å—Ç–≤–∞ #–õ–∞–π—Ñ—Ö–∞–∫–∏–î–ª—è–î–æ–º–∞ #–ß–∏—Å—Ç–æ—Ç–∞–ò–ü–æ—Ä—è–¥–æ–∫ #–£—é—Ç–Ω—ã–π–î–æ–º #–ú–æ—Ç–∏–≤–∞—Ü–∏—è–ù–∞–ö–∞–∂–¥—ã–π–î–µ–Ω—å #–ü—Ä–æ–¥—É–∫—Ç–∏–≤–Ω–æ—Å—Ç—å–î–æ–º–∞ #–°–∞–º–æ—Ä–∞–∑–≤–∏—Ç–∏–µ
#–í–¥–æ—Ö–Ω–æ–≤–µ–Ω–∏–µ–î–ª—è–ú–∞–º #–ö–∞–∫–ù–µ–õ–µ–Ω–∏—Ç—å—Å—è #–õ–∏—á–Ω–æ—Å—Ç–Ω—ã–π–†–æ—Å—Ç #–°–æ–≤–µ—Ç—ã–ü–æ–î–æ–º—É #–î–æ–º–∞—à–Ω–∏–µ–î–µ–ª–∞ #DIY–î–æ–º–∞ #–ï–∂–µ–¥–Ω–µ–≤–Ω—ã–µ–ü—Ä–∏–≤—ã—á–∫–∏ #–î–æ—Å—Ç–∏–∂–µ–Ω–∏–µ–¶–µ–ª–µ–π #–ñ–∏–∑–Ω—å–í–†–∞–¥–æ—Å—Ç—å
#–î–æ–º–æ—Ö–æ–∑—è–π–∫–∞ #–î–ª—è–ñ–µ–Ω—â–∏–Ω #–°–µ–º–µ–π–Ω—ã–π–ë–ª–æ–≥ #–≠–∫–æ–£–±–æ—Ä–∫–∞ #—Å–µ–º—å—è #–±—É–¥–Ω–∏—Ñ–µ–¥–æ—Ä–∞ #–ø–æ–∫—É–ø–∫–∏–¥–ª—è–∫—É—Ö–Ω–∏ #–∂–∏–∑–Ω—å–º–∞–º—ã–∏–¥–æ–º–æ—Ö–æ–∑—è–π–∫–∏ #–æ–±–µ–¥ #–≤–ª–æ–≥–∏ #–æ–±–µ–¥—Ä–µ—Ü–µ–ø—Ç—ã #–≤—ã–ø–µ—á–∫–∞ #–æ–±–µ–¥",–î–æ–º–∏–∫ —É –æ–∑–µ—Ä–∞,[],72317,422.5340363504131,0,2431,2025-11-06T09:29:15Z,22,0,People & Blogs,"[""—É–±–æ—Ä–∫–∞—Å–æ–≤–µ—Ç—ã"", ""–¥–æ–º–∞—à–Ω–∏–µ–¥–µ–ª–∞"", ""–¥–æ–º–æ—Ö–æ–∑—è–π–∫–∞"", ""–∑–¥–æ—Ä–æ–≤–æ–µ–ø–∏—Ç–∞–Ω–∏–µ"", ""—Å–∞–º–æ—Ä–∞–∑–≤–∏—Ç–∏–µ"", ""–µ–∂–µ–¥–Ω–µ–≤–Ω—ã–µ–ø—Ä–∏–≤—ã—á–∫–∏"", ""–¥–ª—è–∂–µ–Ω—â–∏–Ω"", ""–ª–∞–π—Ñ—Ö–∞–∫–∏–¥–ª—è–¥–æ–º–∞"", ""–¥–æ–º–∞—à–Ω–∏–π–±—ã—Ç"", ""—Å–µ–º–µ–π–Ω—ã–π–±–ª–æ–≥"", ""—á–∏—Å—Ç–æ—Ç–∞–∏–ø–æ—Ä—è–¥–æ–∫"", ""—É—é—Ç–Ω—ã–π–¥–æ–º"", ""–ø–æ–≤—Å–µ–¥–Ω–µ–≤–Ω–∞—è–∂–∏–∑–Ω—å"", ""—Ä–µ—Ü–µ–ø—Ç—ã–¥–ª—è–Ω–∞—á–∏–Ω–∞—é—â–∏—Ö"", ""–æ–±–µ–¥"", ""–ø—Ä–æ–¥—É–∫—Ç–∏–≤–Ω–æ—Å—Ç—å–¥–æ–º–∞"", ""–¥–æ–º–∞—à–Ω–∏–µ–≤–ª–æ–≥–∏"", ""–±—ã—Å—Ç—Ä—ã–µ—Ä–µ—Ü–µ–ø—Ç—ã"", ""–º–æ—Ç–∏–≤–∞—Ü–∏—è–Ω–∞–∫–∞–∂–¥—ã–π–¥–µ–Ω—å"", ""–ª–∏—á–Ω–æ—Å—Ç–Ω—ã–π—Ä–æ—Å—Ç"", ""—Å–æ–≤–µ—Ç—ã–ø–æ–¥–æ–º—É"", ""—Å–µ–º—å—è"", ""—Å–µ–º–µ–π–Ω–∞—è–∂–∏–∑–Ω—å"", ""–≥–æ—Ç–æ–≤–∫–∞–¥–æ–º–∞"", ""–ø–æ–∫—É–ø–∫–∏–¥–ª—è–∫—É—Ö–Ω–∏"", ""–∂–∏–∑–Ω—å–º–∞–º—ã–∏–¥–æ–º–æ—Ö–æ–∑—è–π–∫–∏"", ""–≤—ã–ø–µ—á–∫–∞"", ""–æ–±–µ–¥—Ä–µ—Ü–µ–ø—Ç—ã"", ""–±—É–¥–Ω–∏—Ñ–µ–¥–æ—Ä–∞"", ""–∫–∞–∫–Ω–µ–ª–µ–Ω–∏—Ç—å—Å—è"", ""–≤–¥–æ—Ö–Ω–æ–≤–µ–Ω–∏–µ–¥–ª—è–º–∞–º"", ""–∫—É–ª–∏–Ω–∞—Ä–Ω—ã–µ–ª–∞–π—Ñ—Ö–∞–∫–∏"", ""55"", ""–≤–ª–æ–≥–∏"", ""–æ—Ä–≥–∞–Ω–∏–∑–∞—Ü–∏—è–ø—Ä–æ—Å—Ç—Ä–∞–Ω—Å—Ç–≤–∞"", ""diy–¥–æ–º–∞"", ""–∂–∏–∑–Ω—å–≤—Ä–∞–¥–æ—Å—Ç—å"", ""–¥–æ—Å—Ç–∏–∂–µ–Ω–∏–µ—Ü–µ–ª–µ–π"", ""—ç–∫–æ—É–±–æ—Ä–∫–∞""]",[],[],"[""55"", ""diy–¥–æ–º–∞"", ""–±—É–¥–Ω–∏—Ñ–µ–¥–æ—Ä–∞"", ""–±—ã—Å—Ç—Ä—ã–µ—Ä–µ—Ü–µ–ø—Ç—ã"", ""–≤–¥–æ—Ö–Ω–æ–≤–µ–Ω–∏–µ–¥–ª—è–º–∞–º"", ""–≤–ª–æ–≥–∏"", ""–≤—ã–ø–µ—á–∫–∞"", ""–≥–æ—Ç–æ–≤–∫–∞–¥–æ–º–∞"", ""–¥–ª—è–∂–µ–Ω—â–∏–Ω"", ""–¥–æ–º–∞—à–Ω–∏–µ–≤–ª–æ–≥–∏"", ""–¥–æ–º–∞—à–Ω–∏–µ–¥–µ–ª–∞"", ""–¥–æ–º–∞—à–Ω–∏–π–±—ã—Ç"", ""–¥–æ–º–æ—Ö–æ–∑—è–π–∫–∞"", ""–¥–æ—Å—Ç–∏–∂–µ–Ω–∏–µ—Ü–µ–ª–µ–π"", ""–µ–∂–µ–¥–Ω–µ–≤–Ω—ã–µ–ø—Ä–∏–≤—ã—á–∫–∏"", ""–∂–∏–∑–Ω—å–≤—Ä–∞–¥–æ—Å—Ç—å"", ""–∂–∏–∑–Ω—å–º–∞–º—ã–∏–¥–æ–º–æ—Ö–æ–∑—è–π–∫–∏"", ""–∑–¥–æ—Ä–æ–≤–æ–µ–ø–∏—Ç–∞–Ω–∏–µ"", ""–∫–∞–∫–Ω–µ–ª–µ–Ω–∏—Ç—å—Å—è"", ""–∫—É–ª–∏–Ω–∞—Ä–Ω—ã–µ–ª–∞–π—Ñ—Ö–∞–∫–∏"", ""–ª–∞–π—Ñ—Ö–∞–∫–∏–¥–ª—è–¥–æ–º–∞"", ""–ª–∏—á–Ω–æ—Å—Ç–Ω—ã–π—Ä–æ—Å—Ç"", ""–º–æ—Ç–∏–≤–∞—Ü–∏—è–Ω–∞–∫–∞–∂–¥—ã–π–¥–µ–Ω—å"", ""–æ–±–µ–¥"", ""–æ–±–µ–¥—Ä–µ—Ü–µ–ø—Ç—ã"", ""–æ—Ä–≥–∞–Ω–∏–∑–∞—Ü–∏—è–ø—Ä–æ—Å—Ç—Ä–∞–Ω—Å—Ç–≤–∞"", ""–ø–æ–≤—Å–µ–¥–Ω–µ–≤–Ω–∞—è–∂–∏–∑–Ω—å"", ""–ø–æ–∫—É–ø–∫–∏–¥–ª—è–∫—É—Ö–Ω–∏"", ""–ø—Ä–æ–¥—É–∫—Ç–∏–≤–Ω–æ—Å—Ç—å–¥–æ–º–∞"", ""—Ä–µ—Ü–µ–ø—Ç—ã–¥–ª—è–Ω–∞—á–∏–Ω–∞—é—â–∏—Ö"", ""—Å–∞–º–æ—Ä–∞–∑–≤–∏—Ç–∏–µ"", ""—Å–µ–º–µ–π–Ω–∞—è–∂–∏–∑–Ω—å"", ""—Å–µ–º–µ–π–Ω—ã–π–±–ª–æ–≥"", ""—Å–µ–º—å—è"", ""—Å–æ–≤–µ—Ç—ã–ø–æ–¥–æ–º—É"", ""—É–±–æ—Ä–∫–∞—Å–æ–≤–µ—Ç—ã"", ""—É—é—Ç–Ω—ã–π–¥–æ–º"", ""—á–∏—Å—Ç–æ—Ç–∞–∏–ø–æ—Ä—è–¥–æ–∫"", ""—ç–∫–æ—É–±–æ—Ä–∫–∞""]"
-cvbyKjhEAc,–¢–∏–∫–¢–æ–∫–µ—Ä—à–∞ –ü–∏—Ç–∞–µ—Ç—Å—è —Å –ü–æ–º–æ–π–∫–∏ –∏ –ñ–∏–≤–µ—Ç –Ω–∞ 0 —Ä—É–±–ª–µ–π! –Ø –§—Ä–æ—Å—è!,"üíé–î–û–ù–ê–¢–¨ –í –†–û–ë–õ–û–ö–° –î–ï–®–ï–í–û –ù–ê GGSEL: https://ggsel.net/b/Fanlerok_5
üíé–†–û–ó–´–ì–†–´–®–ò GGSEL: https://t.me/ggsel

–û–±–∑–æ—Ä –Ω–∞ —Ç—Ä–µ—à –¢–∏–∫–¢–æ–∫–µ—Ä—à—É –§—Ä–æ—Å—è, –¥–µ–≤—É—à–∫–∞ –∂–∏–≤—ë—Ç –≤ –∫–æ–º–º—É–Ω–µ –∑–∞ —á—É–∂–æ–π —Å—á—ë—Ç, –ø–∏—Ç–∞–µ—Ç—Å—è –Ω–∞ –º—É—Å–æ—Ä–∫–µ, –µ—Å—Ç –ø—Ä–æ—Å—Ä–æ—á–µ–Ω–Ω—É—é –µ–¥—É –∏ –≤—ã–∫–ª–∞–¥—ã–≤–∞–µ—Ç —ç—Ç–æ –≤ –∏–Ω—Ç–µ—Ä–Ω–µ—Ç! –ê –µ—â–µ –≤–µ–¥–µ—Ç —Ç–≥ –∫–∞–Ω–∞–ª –Ø –§–†–û–°–Ø –∏ –ø—Ä–æ–¥–∞–µ—Ç —Ç–∞–∫ —Å–∏–≥–Ω—ã –¥–ª—è —Å–≤–æ–∏—Ö –ø–æ–¥–ø–∏—Å—á–∏–∫–æ–≤...

–¢–≥: https://t.me/Fanlerok
–õ–∞–π–∫: https://l.likee.video/p/lYGjo7
–¢–∏–∫ –¢–æ–∫: https://www.tiktok.com/@fanlerok7
Pinterest: https://pin.it/2B9pP3Dnw

–°–æ—Ç—Ä—É–¥–Ω–∏—á–µ—Å—Ç–≤–æ: nastenarobloks3@gmail.com",Fanlerok_live,"[""—è —Ñ—Ä–æ—Å—è"", ""—Ñ—Ä–æ—Å—è"", ""yafrosya666"", ""—Ñ—Ä–æ—Å—è —Ç–∏–∫—Ç–æ–∫"", ""—Ñ—Ä–æ—Å—è —Ç–∏–∫ —Ç–æ–∫"", ""—Ç–∏–∫—Ç–æ–∫ —Ñ—Ä–æ—Å—è"", ""—Ç–∏–∫ —Ç–æ–∫ —Ñ—Ä–æ—Å—è"", ""–∑–∞ 0 —Ä—É–±–ª–µ–π"", ""–∂–∏–≤—É –∑–∞ 0 —Ä—É–±–ª–µ–π"", ""–∂–∏–≤—É –Ω–∞ 0 —Ä—É–±–ª–µ–π"", ""–Ω–∞ 0 —Ä—É–±–ª–µ–π"", ""—Å –ø–æ–º–æ–π–∫–∏"", ""—Å –º—É—Å–æ—Ä–∫–∏"", ""yafrosya"", ""ya frosya"", ""—Ñ—Ä–æ—Å—é"", ""—Ç–∏–∫—Ç–æ–∫–µ—Ä—à–∞ —Ñ—Ä–æ—Å—è"", ""—Ñ—Ä–æ—Å—è —Ç–∏–∫—Ç–æ–∫–µ—Ä—à–∞"", ""—Ç–∏–∫—Ç–æ–∫–µ—Ä"", ""—Ç–∏–∫—Ç–æ–∫–µ—Ä—à–∞"", ""–≤—ã–∂–∏–≤–∞–Ω–∏–µ –∑–∞ 0 —Ä—É–±–ª–µ–π"", ""–±–µ–∑ –¥–µ–Ω–µ–≥"", ""–∂–∏–≤—É –±–µ–∑ –¥–µ–Ω–µ–≥"", ""—Ñ—Ä–æ—Å—è –º—É—Å–æ—Ä–∫–∞"", ""–º—É—Å–æ—Ä–∫–∞ —Ñ—Ä–æ—Å—è"", ""–º—É—Å–æ—Ä–∫–∞"", ""–ø–æ–º–æ–π–∫–∞"", ""—è—Ñ—Ä–æ—Å—è"", ""—Ñ—Ä–æ—Å—è —è"", ""frosya6666"", ""frosya"", ""—Ñ–∞–Ω–ª–µ—Ä–æ–∫"", ""fanlerok""]",126255,589.0495146487666,0,832,2025-11-04T14:18:05Z,22,0,People & Blogs,[],[],"[""fanlerok"", ""frosya"", ""frosya6666"", ""ya frosya"", ""yafrosya"", ""yafrosya666"", ""–±–µ–∑ –¥–µ–Ω–µ–≥"", ""–≤—ã–∂–∏–≤–∞–Ω–∏–µ –∑–∞ 0 —Ä—É–±–ª–µ–π"", ""–∂–∏–≤—É –±–µ–∑ –¥–µ–Ω–µ–≥"", ""–∂–∏–≤—É –∑–∞ 0 —Ä—É–±–ª–µ–π"", ""–∂–∏–≤—É –Ω–∞ 0 —Ä—É–±–ª–µ–π"", ""–∑–∞ 0 —Ä—É–±–ª–µ–π"", ""–º—É—Å–æ—Ä–∫–∞"", ""–º—É—Å–æ—Ä–∫–∞ —Ñ—Ä–æ—Å—è"", ""–Ω–∞ 0 —Ä—É–±–ª–µ–π"", ""–ø–æ–º–æ–π–∫–∞"", ""—Å –º—É—Å–æ—Ä–∫–∏"", ""—Å –ø–æ–º–æ–π–∫–∏"", ""—Ç–∏–∫ —Ç–æ–∫ —Ñ—Ä–æ—Å—è"", ""—Ç–∏–∫—Ç–æ–∫ —Ñ—Ä–æ—Å—è"", ""—Ç–∏–∫—Ç–æ–∫–µ—Ä"", ""—Ç–∏–∫—Ç–æ–∫–µ—Ä—à–∞"", ""—Ç–∏–∫—Ç–æ–∫–µ—Ä—à–∞ —Ñ—Ä–æ—Å—è"", ""—Ñ–∞–Ω–ª–µ—Ä–æ–∫"", ""—Ñ—Ä–æ—Å—é"", ""—Ñ—Ä–æ—Å—è"", ""—Ñ—Ä–æ—Å—è –º—É—Å–æ—Ä–∫–∞"", ""—Ñ—Ä–æ—Å—è —Ç–∏–∫ —Ç–æ–∫"", ""—Ñ—Ä–æ—Å—è —Ç–∏–∫—Ç–æ–∫"", ""—Ñ—Ä–æ—Å—è —Ç–∏–∫—Ç–æ–∫–µ—Ä—à–∞"", ""—Ñ—Ä–æ—Å—è —è"", ""—è —Ñ—Ä–æ—Å—è"", ""—è—Ñ—Ä–æ—Å—è""]",[]
bOyFePFfGBY,–°–û–†–¢–ò–†–£–Æ –û–¥–µ–∂–¥—É // –û—Å–µ–Ω—å ‚ù§ –ó–∏–º–∞ ‚ù§ –õ–µ—Ç–Ω–∏–π –ß–ï–ú–û–î–ê–ù–ß–ò–ö,"–°—Ç–∞–Ω—å –≤–µ–±-–¥–∏–∑–∞–π–Ω–µ—Ä–æ–º –Ω–∞ –ø—Ä–∞–∫—Ç–∏—á–µ—Å–∫–æ–º –∫—É—Ä—Å–µ –æ—Ç Skillbox ‚Äî https://l.skbx.pro/Bo9HjM?erid=2W5zFHerXpk
–°–∫–∏–¥–∫–∞ –¥–æ 65% –ø–æ –ø—Ä–æ–º–æ–∫–æ–¥—É KSENIA + –∫—É—Ä—Å –ø–æ –Ω–µ–π—Ä–æ—Å–µ—Ç—è–º –∏ –≥–æ–¥ –∞–Ω–≥–ª–∏–π—Å–∫–æ–≥–æ

#–∫—Å–µ–Ω–∏—è–∫—É–ø—Ä–∏–∫–æ–≤–∞#—á–µ–ª–ª–µ–Ω–¥–∂#—É–±–æ—Ä–∫–∞

üëâ –î–ª—è –∫–æ–º–º–µ—Ä—á–µ—Å–∫–∏—Ö –∑–∞–ø—Ä–æ—Å–æ–≤ :
       kseniakuprikovapr@mail.ru

üëâ –ú–æ–π —Ç–µ–ª–µ–≥—Ä–∞–º–ºüòé https://t.me/officialkuprikova

–º–æ–∏ –£–ë–û–†–ö–ò –°–ú–û–¢–†–ò —Ç—É—Ç:
üëâ https://www.youtube.com/playlist?list=PLYTkO3cIekr3ACijloYnTqeVEw6ky540B

 –≤—Å–µ –≤–∏–¥–µ–æ –ø—Ä–æ –£–ù–ò–í–ï–†
üëâ https://www.youtube.com/playlist?list=PLYTkO3cIekr35IDOZ6nZ7TynlY8kQYffR",–ö—Å–µ–Ω–∏—è –ö—É–ø—Ä–∏–∫–æ–≤–∞,"[""–∫—Å–µ–Ω–∏—è –∫—É–ø—Ä–∏–∫–æ–≤–∞"", ""–≥–∞—Ä–¥–µ—Ä–æ–± –Ω–∞ –æ—Å–µ–Ω—å 2025"", ""—É–±–æ—Ä–∫–∞"", ""—É–±–æ—Ä–∫–∞ –≤ –æ–¥–µ–∂–¥–µ"", ""—É–±–∏—Ä–∞–π—Å—è —Å–æ –º–Ω–æ–π""]",57412,352.07292990491743,0,1803,2025-11-06T17:34:11Z,22,0,People & Blogs,"[""—É–±–æ—Ä–∫–∞"", ""–∫—Å–µ–Ω–∏—è–∫—É–ø—Ä–∏–∫–æ–≤–∞"", ""—á–µ–ª–ª–µ–Ω–¥–∂""]","[""—É–±–æ—Ä–∫–∞""]","[""–≥–∞—Ä–¥–µ—Ä–æ–± –Ω–∞ –æ—Å–µ–Ω—å 2025"", ""–∫—Å–µ–Ω–∏—è –∫—É–ø—Ä–∏–∫–æ–≤–∞"", ""—É–±–∏—Ä–∞–π—Å—è —Å–æ –º–Ω–æ–π"", ""—É–±–æ—Ä–∫–∞ –≤ –æ–¥–µ–∂–¥–µ""]","[""–∫—Å–µ–Ω–∏—è–∫—É–ø—Ä–∏–∫–æ–≤–∞"", ""—á–µ–ª–ª–µ–Ω–¥–∂""]"
j4sXxzasY5g,–ù–ê–†–£–®–ê–Æ 13 –ó–ê–ü–†–ï–¢–û–í / –í–∏–∫–∏ –®–æ—É,"–ü–æ —Ç—Ä–∞–¥–∏—Ü–∏–∏ –Ω–∞ 13 –º–∏–ª–ª–∏–æ–Ω–æ–≤ –ø–æ–¥–ø–∏—Å—á–∏–∫–æ–≤ —è –Ω–∞—Ä—É—à–∞—é 13 –∑–∞–ø—Ä–µ—Ç–æ–≤. –í —ç—Ç–æ—Ç —Ä–∞–∑ –≤ –î—É–±–∞–π.

üòé –ú–æ–π –¢–µ–ª–µ–≥—Ä–∞–º —Ç—É—Ç: https://t.me/vikishow_official

üéπ –ú–æ–π –Ω–æ–≤—ã–π –∫–ª–∏–ø ""–Ω–µ –ó–∞–±—É–¥—É - https://youtu.be/0yZP8559ZEw
üòµ‚Äçüí´ –ù–æ—á—å –≤ —Å–ø–∞–ª—å–Ω–µ –†–æ–¥–∏—Ç–µ–ª–µ–π - https://youtu.be/nxIa4Kx8u4Q
üé∏ Production Music courtesy of Epidemic Sound
üí∞ –ü–æ –≤–æ–ø—Ä–æ—Å–∞–º —Å–æ—Ç—Ä—É–¥–Ω–∏—á–µ—Å—Ç–≤–∞ –ø–∏—à–∏—Ç–µ —Å—é–¥–∞: https://viki.show",Viki Show,"[""13 –∑–∞–ø—Ä–µ—Ç–æ–≤"", ""–¥—É–±–∞–∏"", ""–≤–∏–∫–∏ —à–æ—É"", ""–Ω–∞—Ä—É—à–∞—é"", ""–ø—Ä–∞–Ω–∫"", ""—Å–º–µ—à–Ω–æ–µ –≤–∏–¥–µ–æ"", ""—Å–µ–º–µ–π–Ω–æ–µ –≤–∏–¥–µ–æ""]",1318468,2177.0433825538644,0,2775,2025-10-19T07:00:54Z,22,0,People & Blogs,[],[],"[""13 –∑–∞–ø—Ä–µ—Ç–æ–≤"", ""–≤–∏–∫–∏ —à–æ—É"", ""–¥—É–±–∞–∏"", ""–Ω–∞—Ä—É—à–∞—é"", ""–ø—Ä–∞–Ω–∫"", ""—Å–µ–º–µ–π–Ω–æ–µ –≤–∏–¥–µ–æ"", ""—Å–º–µ—à–Ω–æ–µ –≤–∏–¥–µ–æ""]",[]
nKuysyRndHs,–Ø —Ä–∞–∑–æ–±—Ä–∞–ª–∞—Å—å –≤ –ª–æ—Ä–µ XO (–∏ —ç—Ç–æ —É–∂–∞—Å),"–Ø–Ω–¥–µ–∫—Å –ú—É–∑—ã–∫–∞, –ö–∏–Ω–æ–ø–æ–∏—Å–∫, –Ø–Ω–¥–µ–∫—Å –ö–Ω–∏–≥–∏ ‚Äì –≤ –æ–¥–Ω–æ–π –ø–æ–¥–ø–∏—Å–∫–µ –Ø–Ω–¥–µ–∫—Å –ü–ª—é—Å: https://clck.ru/3PmdJz

TELEGRAM: https://t.me/manilounpizdit
–ü–æ–¥–¥–µ—Ä–∂–∞—Ç—å –º–æ–µ —Ç–≤–æ—Ä—á–µ—Å—Ç–≤–æ –Ω–∞ BOOSTY: https://boosty.to/maniloun

0:00 –Ω–∞—á–∞–ª–æ 
01:30 –†–µ–∫–ª–∞–º–∫–∞ (–ø–æ—Å–º–æ—Ç—Ä–∏—Ç–µ –ø–ª–∏–∑)
03:10 –ö–∞–∫ –Ω–∞—á–∏–Ω–∞–ª–∏ –ú–∞—Ä–∏ –∏ –ì–µ—Ä–∞
8:00 –ü–æ—è–≤–ª–µ–Ω–∏–µ –•–û –ª–∞–π—Ñ
20:30 –ò–∑–º–µ–Ω–µ–Ω–∏–µ —Å–æ—Å—Ç–∞–≤–∞
26:50 –†–∞—Å—Å—Ç–∞–≤–∞–Ω–∏–µ –ì–µ—Ä—ã –∏ –ú–∞—à–∏ –∏ –∏—Ö –Ω–æ–≤—ã–µ –æ—Ç–Ω–æ—à–µ–Ω–∏—è
30:15 –ì—Ä–æ–º–∫–∏–π –ø—Ä–æ–≤–∞–ª 5 —Å–µ–∑–æ–Ω–∞
38:00 ‚Ä¶–∏ 6 —Å–µ–∑–æ–Ω
40:38 Xo team- —É—Å–ø–µ—Ö –ø–æ–ø—É–ª—è—Ä–Ω–æ–≥–æ —Ç–∏–∫ —Ç–æ–∫ –¥–æ–º–∞ 
42:53 –£—Ö–æ–¥ –ú–∞—à–∏ –∏–∑ –•–û –∏ —Å–æ–∑–¥–∞–Ω–∏–µ –Ω–æ–≤–æ–≥–æ –∞–≥–µ–Ω—Ç—Å—Ç–≤–∞
54:49 –ü–µ—Ä–≤–æ–µ —Ä–µ–∞–ª–∏—Ç–∏ 
55:46 –†–∞—Å—Å—Ç–∞–≤–∞–Ω–∏–µ –ì–µ—Ä—ã –∏ –ï–≤—ã
59:30 –†–∞–∑–æ–±–ª–∞—á–µ–Ω–∏—è —É—á–∞—Å—Ç–Ω–∏–∫–æ–≤ VS XO
1:04:46 –†–∞–∫ –º–æ–∑–≥–∞ –õ–∏–∑—ã –í–∞—Å–∏–ª–µ–Ω–∫–æ 
1:10:45 –ß—Ç–æ —Å–µ–π—á–∞—Å?

INSTAGRAM: https://www.instagram.com/maniloun/
TIKTOK: https://www.tiktok.com/@maniloun
TELEGRAM: https://t.me/manilounpizdit

–°–æ—Ç—Ä—É–¥–Ω–∏—á–µ—Å—Ç–≤–æ: maniloun@avtormedia.ru

https://www.youtube.com/@MarySennOfficial 
https://vk.com/marysennofficial

https://www.youtube.com/@thexoteam
https://www.youtube.com/@xoREALITYxo
https://vk.com/xoteam_xoteam
https://www.tiktok.com/@xoteam

https://vk.com/artistgerman
https://vk.com/gary_grey
https://www.youtube.com/artistgerman",Maniloun,[],690384,1108.3949859005338,0,4439,2025-10-18T13:46:12Z,22,0,People & Blogs,[],[],[],[]
iS2dPDo_28Q,–Ø–ø–æ–Ω–∏—è. –ö–∞–∫ —É–≤–∏–¥–µ—Ç—å –µ—ë –±–µ–∑ —Ç—É—Ä–∏—Å—Ç–æ–≤ –∏ –≤–ª—é–±–∏—Ç—å—Å—è.,"–¢—É—Ç –¥–µ—à—ë–≤—ã–µ –∞–≤–∏–∞–±–∏–ª–µ—Ç—ã –∏ –Ω–æ–≤–æ—Å—Ç–∏ –æ —Ä–µ–π—Å–∞—Ö: https://t.me/+yFxBetqiqJc3ZTky
–°–∞–º—ã–µ —Å—Ç–∏–ª—å–Ω—ã–µ —á–µ–º–æ–¥–∞–Ω—ã - https://crashbaggage.kz/
–°—Ü–µ–Ω–∞—Ä–∏–π, —Å—ä–µ–º–∫–∞, –º–æ–Ω—Ç–∞–∂ - –≤—Å–µ —Å–∞–º.
–ü–æ–¥–ø–∏—Å—ã–≤–∞–π—Ç–µ—Å—å –Ω–∞ –∫–∞–Ω–∞–ª –∏ –Ω–∞ –¥—Ä—É–≥–∏–µ –º–æ–∏ —Å–æ—Ü —Å–µ—Ç–∏, –ø—Ä–∏—è—Ç–Ω–æ–≥–æ –ø—Ä–æ—Å–º–æ—Ç—Ä–∞!
üì∏ –Ø –≤ –∏–Ω—Å—Ç–∞–≥—Ä–∞–º :  https://www.instagram.com/belyanskiy1?igsh=ZGZvdHV6Mnl2aXp4&utm_source=qr
üì∏ –õ–∏–∑–∞ –≤ –Æ—Ç—É–±:  https://www.youtube.com/@thelisangg/videos

00:00 –û —á–µ–º –≤—ã–ø—É—Å–∫
01:50 –§—É–¥–∑–∏–∫–∞–≤–∞–≥—É—Ç–∏–∫–æ, –¥–µ–Ω—å 1
06:07 –†–∞—Å—Å–≤–µ—Ç –Ω–∞–¥ –§—É–¥–∑–∏, –¥–µ–Ω—å 2
10:04 –ö–∞–≤–∞–≥—É—Ç–∏–∫–æ –Ω–∞ –≤–µ–ª–∏–∫–∞—Ö
16:45 –ù–æ—á–Ω–æ–π —Ä–∞–º–µ–Ω
18:34 –ï–¥–µ–º –≤ –ö–∏–æ—Ç–æ –Ω–∞ —Å–∏–Ω–∫–∞–Ω—Å–µ–Ω–µ
24:11 –ö–∏–æ—Ç–æ, –∫—Ä–∞—Å–Ω—ã–µ –≤–æ—Ä–æ—Ç–∞
28:01 –†–∞–º–µ–Ω Ichiran
28:53 –ì—É–ª—è–µ–º –ø–æ –ö–∏–æ—Ç–æ
30:58 –ù–∞—Ä–∞, –æ–ª–µ–Ω–∏
38:01 –ö–∏–æ—Ç–æ, –∏–Ω—Å—Ç–∞–≥—Ä–∞–º–Ω–æ–µ –º–µ—Å—Ç–æ
41:07 –ï–¥–µ–º –≤ –û—Å–∞–∫—É
46:19 –î–µ–ª–∞–µ–º –∫–æ–ª—å—Ü–∞
48:20 –ï–¥–µ–º –≤ –¢–æ–∫–∏–æ
49:02 TeamLab
51:04 Shibuya Sky
54:05 –†–∞–π–æ–Ω –ì–∏–Ω–∑–∞
54:24 –≠–∫—Å–ø–µ—Ä–∏–º–µ–Ω—Ç!
55:30 –¢–æ–∫–∏–π—Å–∫–∏–π –¥—Ä–∏—Ñ—Ç
58:28 –ü–æ–ª–∏—Ü–∏—è –¢–æ–∫–∏–æ
01:01:24 –ú—ã –≤ –§–æ—Ä—Å–∞–∂–µ
01:04:06 –ü—Ä–∏–µ—Ö–∞–ª–∞ –ø–æ–ª–∏—Ü–∏—è
01:05:08 –ú—ã—Å–ª–∏ –æ –Ø–ø–æ–Ω–∏–∏",–ê–Ω–¥—Ä–µ–π –ë–µ–ª—è–Ω—Å–∫–∏–π,[],144662,331.30313425037116,0,3981,2025-10-26T07:59:34Z,22,0,People & Blogs,[],[],[],[]
XfbCUhqJzm8,"–ü—Ä–∏–≤–µ—Ç, —è —á–µ—Ä–µ–∑ 10 –ª–µ—Ç","–´—ã—ã! –ú–æ—è –ø–µ—Ä–≤–∞—è –∫–æ–ª–ª–µ–∫—Ü–∏—è –º–µ—Ä—á–∞ ‚Äî –∫–æ–Ω–≤–µ—Ä—Ç, –∫–æ—Ç–æ—Ä—ã–π –æ—Ç–∫—Ä–æ–µ—Ç—Å—è —á–µ—Ä–µ–∑ –≥–æ–¥, –ü–µ–ª–∏–∫–∞–Ω —Å –º–∏–∫—Ä–æ—Ñ–æ–Ω–æ–º –∏ —Ç–æ—Ç —Å–∞–º—ã–π —à–∞—Ä–∏–∫ –ò—Ä–∏–Ω—ã 52! –ü–æ–∫—É–ø–∞–π—Ç–µ —Å–∫–æ—Ä–µ–µ: https://t.me/MemeGiftBot?startapp

–õ—É—á—à–µ –∫—É–ø–∏—Ç—å —Å–µ–π—á–∞—Å, —á—Ç–æ–±—ã —Å—Ç–∞—Ç—å –∫–æ–ª–ª–µ–∫—Ü–∏–æ–Ω–µ—Ä–æ–º –∏–ª–∏ –ø—Ä–æ–¥–∞—Ç—å —ç—Ç–∏ –ø–æ–¥–∞—Ä–∫–∏ –µ—â–µ –¥–æ—Ä–æ–∂–µ –≤ –±—É–¥—É—â–µ–º! ^____^

–ù–∞–°—Ç–û—è–©–∏–ú –§–∞–ù–∞–¢–∞–ú: https://t.me/mister_kokoshka2",–ê–Ω–¥—Ä–µ–π –ö–æ–∫–æ—à–∫–∞ ,"[""–∫–æ–∫–æ—à–∫–∞"", ""—Å–∞—Ç–∏—Ä"", ""–∞–Ω–¥—Ä–µ–π –∫–æ–∫–æ—à–∫–∞"", ""–∫–æ–∫–æ—à–∫–∞ 10 –ª–µ—Ç"", ""–∫–æ–∫–æ—à–∫–∞ 10 –ª–µ—Ç –Ω–∞–∑–∞–¥"", ""—Å–∞—Ç–∏—Ä 10 –ª–µ—Ç"", ""—Å–∞—Ç–∏—Ä 10 –ª–µ—Ç –Ω–∞–∑–∞–¥"", ""–∫–æ–∫–æ—à–∫–∞ –≤–∏–¥–µ–æ –º–æ–ª–æ–¥–æ–π"", ""–∫–æ–∫–æ—à–∫–∞ –º–æ–ª–æ–¥–æ–π""]",601199,926.0555396661799,0,997,2025-10-17T11:26:03Z,22,0,People & Blogs,[],[],"[""–∞–Ω–¥—Ä–µ–π –∫–æ–∫–æ—à–∫–∞"", ""–∫–æ–∫–æ—à–∫–∞"", ""–∫–æ–∫–æ—à–∫–∞ 10 –ª–µ—Ç"", ""–∫–æ–∫–æ—à–∫–∞ 10 –ª–µ—Ç –Ω–∞–∑–∞–¥"", ""–∫–æ–∫–æ—à–∫–∞ –≤–∏–¥–µ–æ –º–æ–ª–æ–¥–æ–π"", ""–∫–æ–∫–æ—à–∫–∞ –º–æ–ª–æ–¥–æ–π"", ""—Å–∞—Ç–∏—Ä"", ""—Å–∞—Ç–∏—Ä 10 –ª–µ—Ç"", ""—Å–∞—Ç–∏—Ä 10 –ª–µ—Ç –Ω–∞–∑–∞–¥""]",[]
pKqYtMQA81k,"Alone in Tokyo After Work | 9pm‚Äì1am Cozy Night Routine I Stress, Beer üç∫ & Quiet Night","Hello, I'm asuka üáØüáµ

I‚Äôm a woman in my 20s working in sales here in Japan.  
After a long day at the office,  I stopped by an izakaya for a cold beer and some comfort food.  

Even when life feels stressful and work drains my energy,  
there‚Äôs something peaceful about eating alone, walking through Tokyo at night,  coming home to my cats, doing my little chores, and taking a warm bath.

It's not glamorous ‚Äî just a simple, honest night in Tokyo.
Thank you always for spending time with me ü§ç

üìç Tokyo, Japan  
üïò 9pm‚Äì1am  
üçÇ Autumn evening

#tokyovlog #alonetokyo #nightroutine #afterworkroutine 
#japanvlog #izakaya #solonight #selfcarevlog #tokyonight",asukaüáØüáµ,"[""tokyo"", ""nightroutine"", ""afterwork"", ""japanlife"", ""japanvlog"", ""solo"", ""solonight"", ""selfcare""]",1646422,5704.6846832887,0,974,2025-11-01T12:01:46Z,22,0,People & Blogs,"[""selfcarevlog"", ""izakaya"", ""afterworkroutine"", ""tokyovlog"", ""tokyonight"", ""japanvlog"", ""nightroutine"", ""solonight"", ""alonetokyo""]","[""japanvlog"", ""nightroutine"", ""solonight""]","[""afterwork"", ""japanlife"", ""selfcare"", ""solo"", ""tokyo""]","[""afterworkroutine"", ""alonetokyo"", ""izakaya"", ""selfcarevlog"", ""tokyonight"", ""tokyovlog""]"
